2025-12-23 00:43:55 [main] INFO  com.lab7.Lab7Application - Starting Lab7Application using Java 24.0.2 with PID 5384 (C:\Users\sa4ok\Desktop\OOP\lab7\target\classes started by sa4ok in C:\Users\sa4ok\Desktop\OOP\lab7)
2025-12-23 00:43:55 [main] INFO  com.lab7.Lab7Application - No active profile set, falling back to 1 default profile: "default"
2025-12-23 00:43:56 [main] INFO  o.s.b.w.e.tomcat.TomcatWebServer - Tomcat initialized with port 8080 (http)
2025-12-23 00:43:56 [main] INFO  o.a.coyote.http11.Http11NioProtocol - Initializing ProtocolHandler ["http-nio-8080"]
2025-12-23 00:43:56 [main] INFO  o.a.catalina.core.StandardService - Starting service [Tomcat]
2025-12-23 00:43:56 [main] INFO  o.a.catalina.core.StandardEngine - Starting Servlet engine: [Apache Tomcat/10.1.16]
2025-12-23 00:43:56 [main] INFO  o.a.c.c.C.[Tomcat].[localhost].[/] - Initializing Spring embedded WebApplicationContext
2025-12-23 00:43:56 [main] INFO  o.s.b.w.s.c.ServletWebServerApplicationContext - Root WebApplicationContext: initialization completed in 669 ms
2025-12-23 00:44:00 [main] INFO  o.s.b.a.w.s.WelcomePageHandlerMapping - Adding welcome page: ServletContext resource [/index.html]
2025-12-23 00:44:00 [main] INFO  o.a.coyote.http11.Http11NioProtocol - Starting ProtocolHandler ["http-nio-8080"]
2025-12-23 00:44:00 [main] INFO  o.s.b.w.e.tomcat.TomcatWebServer - Tomcat started on port 8080 (http) with context path ''
2025-12-23 00:44:00 [main] INFO  com.lab7.Lab7Application - Started Lab7Application in 5.662 seconds (process running for 6.057)
2025-12-23 00:44:02 [http-nio-8080-exec-1] INFO  o.a.c.c.C.[Tomcat].[localhost].[/] - Initializing Spring DispatcherServlet 'dispatcherServlet'
2025-12-23 00:44:02 [http-nio-8080-exec-1] INFO  o.s.web.servlet.DispatcherServlet - Initializing Servlet 'dispatcherServlet'
2025-12-23 00:44:02 [http-nio-8080-exec-1] INFO  o.s.web.servlet.DispatcherServlet - Completed initialization in 1 ms
2025-12-23 02:55:36 [main] INFO  com.lab7.Lab7Application - Starting Lab7Application using Java 24.0.2 with PID 15632 (C:\Users\sa4ok\Desktop\OOP\lab7\target\classes started by sa4ok in C:\Users\sa4ok\Desktop\OOP\lab7)
2025-12-23 02:55:36 [main] INFO  com.lab7.Lab7Application - No active profile set, falling back to 1 default profile: "default"
2025-12-23 02:55:36 [main] INFO  o.s.b.w.e.tomcat.TomcatWebServer - Tomcat initialized with port 8080 (http)
2025-12-23 02:55:36 [main] INFO  o.a.coyote.http11.Http11NioProtocol - Initializing ProtocolHandler ["http-nio-8080"]
2025-12-23 02:55:36 [main] INFO  o.a.catalina.core.StandardService - Starting service [Tomcat]
2025-12-23 02:55:36 [main] INFO  o.a.catalina.core.StandardEngine - Starting Servlet engine: [Apache Tomcat/10.1.16]
2025-12-23 02:55:36 [main] INFO  o.a.c.c.C.[Tomcat].[localhost].[/] - Initializing Spring embedded WebApplicationContext
2025-12-23 02:55:36 [main] INFO  o.s.b.w.s.c.ServletWebServerApplicationContext - Root WebApplicationContext: initialization completed in 496 ms
2025-12-23 02:55:36 [main] INFO  o.s.b.a.w.s.WelcomePageHandlerMapping - Adding welcome page: ServletContext resource [/index.html]
2025-12-23 02:55:37 [main] INFO  o.a.coyote.http11.Http11NioProtocol - Starting ProtocolHandler ["http-nio-8080"]
2025-12-23 02:55:37 [main] INFO  o.s.b.w.e.tomcat.TomcatWebServer - Tomcat started on port 8080 (http) with context path ''
2025-12-23 02:55:37 [main] INFO  com.lab7.Lab7Application - Started Lab7Application in 1.196 seconds (process running for 1.48)
2025-12-23 02:55:48 [http-nio-8080-exec-1] INFO  o.a.c.c.C.[Tomcat].[localhost].[/] - Initializing Spring DispatcherServlet 'dispatcherServlet'
2025-12-23 02:55:48 [http-nio-8080-exec-1] INFO  o.s.web.servlet.DispatcherServlet - Initializing Servlet 'dispatcherServlet'
2025-12-23 02:55:48 [http-nio-8080-exec-1] INFO  o.s.web.servlet.DispatcherServlet - Completed initialization in 0 ms
2025-12-23 04:02:24 [main] INFO  com.lab7.Lab7Application - Starting Lab7Application using Java 25 with PID 30128 (C:\Users\maks4\Desktop\OOP\lab7\target\classes started by maks4 in C:\Users\maks4\Desktop\OOP\lab7)
2025-12-23 04:02:24 [main] INFO  com.lab7.Lab7Application - No active profile set, falling back to 1 default profile: "default"
2025-12-23 04:02:25 [main] INFO  o.s.b.w.e.tomcat.TomcatWebServer - Tomcat initialized with port 8080 (http)
2025-12-23 04:02:25 [main] INFO  o.a.coyote.http11.Http11NioProtocol - Initializing ProtocolHandler ["http-nio-8080"]
2025-12-23 04:02:25 [main] INFO  o.a.catalina.core.StandardService - Starting service [Tomcat]
2025-12-23 04:02:25 [main] INFO  o.a.catalina.core.StandardEngine - Starting Servlet engine: [Apache Tomcat/10.1.16]
2025-12-23 04:02:25 [main] INFO  o.a.c.c.C.[Tomcat].[localhost].[/] - Initializing Spring embedded WebApplicationContext
2025-12-23 04:02:25 [main] INFO  o.s.b.w.s.c.ServletWebServerApplicationContext - Root WebApplicationContext: initialization completed in 1023 ms
2025-12-23 04:02:26 [main] INFO  o.s.b.a.w.s.WelcomePageHandlerMapping - Adding welcome page: ServletContext resource [/index.html]
2025-12-23 04:02:26 [main] INFO  o.a.coyote.http11.Http11NioProtocol - Starting ProtocolHandler ["http-nio-8080"]
2025-12-23 04:02:26 [main] INFO  o.s.b.w.e.tomcat.TomcatWebServer - Tomcat started on port 8080 (http) with context path ''
2025-12-23 04:02:26 [main] INFO  com.lab7.Lab7Application - Started Lab7Application in 2.365 seconds (process running for 2.812)
2025-12-23 04:02:38 [http-nio-8080-exec-1] INFO  o.a.c.c.C.[Tomcat].[localhost].[/] - Initializing Spring DispatcherServlet 'dispatcherServlet'
2025-12-23 04:02:38 [http-nio-8080-exec-1] INFO  o.s.web.servlet.DispatcherServlet - Initializing Servlet 'dispatcherServlet'
2025-12-23 04:02:38 [http-nio-8080-exec-1] INFO  o.s.web.servlet.DispatcherServlet - Completed initialization in 0 ms
2025-12-23 15:43:20 [main] INFO  com.lab7.Lab7Application - Starting Lab7Application using Java 25 with PID 14080 (C:\Users\maks4\Desktop\OOP\lab7\target\classes started by maks4 in C:\Users\maks4\Desktop\OOP\lab7)
2025-12-23 15:43:20 [main] INFO  com.lab7.Lab7Application - No active profile set, falling back to 1 default profile: "default"
2025-12-23 15:43:20 [main] INFO  o.s.b.w.e.tomcat.TomcatWebServer - Tomcat initialized with port 8080 (http)
2025-12-23 15:43:20 [main] INFO  o.a.coyote.http11.Http11NioProtocol - Initializing ProtocolHandler ["http-nio-8080"]
2025-12-23 15:43:20 [main] INFO  o.a.catalina.core.StandardService - Starting service [Tomcat]
2025-12-23 15:43:20 [main] INFO  o.a.catalina.core.StandardEngine - Starting Servlet engine: [Apache Tomcat/10.1.16]
2025-12-23 15:43:20 [main] INFO  o.a.c.c.C.[Tomcat].[localhost].[/] - Initializing Spring embedded WebApplicationContext
2025-12-23 15:43:20 [main] INFO  o.s.b.w.s.c.ServletWebServerApplicationContext - Root WebApplicationContext: initialization completed in 848 ms
2025-12-23 15:43:25 [main] INFO  o.s.b.a.w.s.WelcomePageHandlerMapping - Adding welcome page: ServletContext resource [/index.html]
2025-12-23 15:43:25 [main] INFO  o.a.coyote.http11.Http11NioProtocol - Starting ProtocolHandler ["http-nio-8080"]
2025-12-23 15:43:25 [main] INFO  o.s.b.w.e.tomcat.TomcatWebServer - Tomcat started on port 8080 (http) with context path ''
2025-12-23 15:43:25 [main] INFO  com.lab7.Lab7Application - Started Lab7Application in 5.986 seconds (process running for 6.42)
2025-12-23 15:43:47 [http-nio-8080-exec-1] INFO  o.a.c.c.C.[Tomcat].[localhost].[/] - Initializing Spring DispatcherServlet 'dispatcherServlet'
2025-12-23 15:43:47 [http-nio-8080-exec-1] INFO  o.s.web.servlet.DispatcherServlet - Initializing Servlet 'dispatcherServlet'
2025-12-23 15:43:47 [http-nio-8080-exec-1] INFO  o.s.web.servlet.DispatcherServlet - Completed initialization in 1 ms
2025-12-23 15:49:34 [http-nio-8080-exec-5] INFO  com.lab7.service.UserService - Начинаю создание пользователя с username=maksimd
2025-12-23 15:49:35 [http-nio-8080-exec-5] INFO  com.lab7.service.UserService - Пользователь maksimd успешно создан с id=106
2025-12-23 15:49:35 [http-nio-8080-exec-6] INFO  com.lab7.service.UserService - Получение пользователя по username=maksimd
2025-12-23 15:49:35 [http-nio-8080-exec-7] INFO  com.lab7.service.FunctionService - Начинаю создание функции с name=Тождественная (IdentityFunction)
2025-12-23 15:49:35 [http-nio-8080-exec-7] ERROR com.lab7.service.FunctionService - Ошибка при создании функции с name=Тождественная (IdentityFunction)
2025-12-23 15:49:35 [http-nio-8080-exec-7] ERROR com.lab7.servlet.FunctionServlet - Ошибка в doPost
org.h2.jdbc.JdbcSQLIntegrityConstraintViolationException: Нарушение ограничения: "CONSTRAINT_9D: "
Check constraint violation: "CONSTRAINT_9D: "; SQL statement:
INSERT INTO functions (name, type, owner_id) VALUES (?, ?, ?) [23513-214]
	at org.h2.message.DbException.getJdbcSQLException(DbException.java:508)
	at org.h2.message.DbException.getJdbcSQLException(DbException.java:477)
	at org.h2.message.DbException.get(DbException.java:223)
	at org.h2.message.DbException.get(DbException.java:199)
	at org.h2.constraint.ConstraintCheck.checkRow(ConstraintCheck.java:110)
	at org.h2.table.Table.fireConstraints(Table.java:1172)
	at org.h2.table.Table.fireBeforeRow(Table.java:1163)
	at org.h2.command.dml.Insert.insertRows(Insert.java:171)
	at org.h2.command.dml.Insert.update(Insert.java:135)
	at org.h2.command.CommandContainer.executeUpdateWithGeneratedKeys(CommandContainer.java:242)
	at org.h2.command.CommandContainer.update(CommandContainer.java:163)
	at org.h2.command.Command.executeUpdate(Command.java:252)
	at org.h2.jdbc.JdbcPreparedStatement.executeUpdateInternal(JdbcPreparedStatement.java:209)
	at org.h2.jdbc.JdbcPreparedStatement.executeUpdate(JdbcPreparedStatement.java:169)
	at com.lab7.dao.FunctionDAO.create(FunctionDAO.java:35)
	at com.lab7.service.FunctionService.createFunction(FunctionService.java:30)
	at com.lab7.servlet.FunctionServlet.doPost(FunctionServlet.java:149)
	at jakarta.servlet.http.HttpServlet.service(HttpServlet.java:520)
	at jakarta.servlet.http.HttpServlet.service(HttpServlet.java:587)
	at org.apache.catalina.core.ApplicationFilterChain.internalDoFilter(ApplicationFilterChain.java:205)
	at org.apache.catalina.core.ApplicationFilterChain.doFilter(ApplicationFilterChain.java:149)
	at org.apache.tomcat.websocket.server.WsFilter.doFilter(WsFilter.java:51)
	at org.apache.catalina.core.ApplicationFilterChain.internalDoFilter(ApplicationFilterChain.java:174)
	at org.apache.catalina.core.ApplicationFilterChain.doFilter(ApplicationFilterChain.java:149)
	at com.lab7.servlet.BasicAuthServlet.doFilter(BasicAuthServlet.java:92)
	at org.apache.catalina.core.ApplicationFilterChain.internalDoFilter(ApplicationFilterChain.java:174)
	at org.apache.catalina.core.ApplicationFilterChain.doFilter(ApplicationFilterChain.java:149)
	at org.springframework.web.filter.RequestContextFilter.doFilterInternal(RequestContextFilter.java:100)
	at org.springframework.web.filter.OncePerRequestFilter.doFilter(OncePerRequestFilter.java:116)
	at org.apache.catalina.core.ApplicationFilterChain.internalDoFilter(ApplicationFilterChain.java:174)
	at org.apache.catalina.core.ApplicationFilterChain.doFilter(ApplicationFilterChain.java:149)
	at org.springframework.web.filter.FormContentFilter.doFilterInternal(FormContentFilter.java:93)
	at org.springframework.web.filter.OncePerRequestFilter.doFilter(OncePerRequestFilter.java:116)
	at org.apache.catalina.core.ApplicationFilterChain.internalDoFilter(ApplicationFilterChain.java:174)
	at org.apache.catalina.core.ApplicationFilterChain.doFilter(ApplicationFilterChain.java:149)
	at org.springframework.web.filter.CharacterEncodingFilter.doFilterInternal(CharacterEncodingFilter.java:201)
	at org.springframework.web.filter.OncePerRequestFilter.doFilter(OncePerRequestFilter.java:116)
	at org.apache.catalina.core.ApplicationFilterChain.internalDoFilter(ApplicationFilterChain.java:174)
	at org.apache.catalina.core.ApplicationFilterChain.doFilter(ApplicationFilterChain.java:149)
	at org.apache.catalina.core.StandardWrapperValve.invoke(StandardWrapperValve.java:167)
	at org.apache.catalina.core.StandardContextValve.invoke(StandardContextValve.java:90)
	at org.apache.catalina.authenticator.AuthenticatorBase.invoke(AuthenticatorBase.java:482)
	at org.apache.catalina.core.StandardHostValve.invoke(StandardHostValve.java:115)
	at org.apache.catalina.valves.ErrorReportValve.invoke(ErrorReportValve.java:93)
	at org.apache.catalina.core.StandardEngineValve.invoke(StandardEngineValve.java:74)
	at org.apache.catalina.connector.CoyoteAdapter.service(CoyoteAdapter.java:340)
	at org.apache.coyote.http11.Http11Processor.service(Http11Processor.java:391)
	at org.apache.coyote.AbstractProcessorLight.process(AbstractProcessorLight.java:63)
	at org.apache.coyote.AbstractProtocol$ConnectionHandler.process(AbstractProtocol.java:896)
	at org.apache.tomcat.util.net.NioEndpoint$SocketProcessor.doRun(NioEndpoint.java:1744)
	at org.apache.tomcat.util.net.SocketProcessorBase.run(SocketProcessorBase.java:52)
	at org.apache.tomcat.util.threads.ThreadPoolExecutor.runWorker(ThreadPoolExecutor.java:1191)
	at org.apache.tomcat.util.threads.ThreadPoolExecutor$Worker.run(ThreadPoolExecutor.java:659)
	at org.apache.tomcat.util.threads.TaskThread$WrappingRunnable.run(TaskThread.java:61)
	at java.base/java.lang.Thread.run(Thread.java:1474)
2025-12-23 15:49:35 [http-nio-8080-exec-9] INFO  com.lab7.service.FunctionService - Начинаю создание функции с name=Квадратичная (SqrFunction)
2025-12-23 15:49:35 [http-nio-8080-exec-9] ERROR com.lab7.service.FunctionService - Ошибка при создании функции с name=Квадратичная (SqrFunction)
2025-12-23 15:49:35 [http-nio-8080-exec-9] ERROR com.lab7.servlet.FunctionServlet - Ошибка в doPost
org.h2.jdbc.JdbcSQLIntegrityConstraintViolationException: Нарушение ограничения: "CONSTRAINT_9D: "
Check constraint violation: "CONSTRAINT_9D: "; SQL statement:
INSERT INTO functions (name, type, owner_id) VALUES (?, ?, ?) [23513-214]
	at org.h2.message.DbException.getJdbcSQLException(DbException.java:508)
	at org.h2.message.DbException.getJdbcSQLException(DbException.java:477)
	at org.h2.message.DbException.get(DbException.java:223)
	at org.h2.message.DbException.get(DbException.java:199)
	at org.h2.constraint.ConstraintCheck.checkRow(ConstraintCheck.java:110)
	at org.h2.table.Table.fireConstraints(Table.java:1172)
	at org.h2.table.Table.fireBeforeRow(Table.java:1163)
	at org.h2.command.dml.Insert.insertRows(Insert.java:171)
	at org.h2.command.dml.Insert.update(Insert.java:135)
	at org.h2.command.CommandContainer.executeUpdateWithGeneratedKeys(CommandContainer.java:242)
	at org.h2.command.CommandContainer.update(CommandContainer.java:163)
	at org.h2.command.Command.executeUpdate(Command.java:252)
	at org.h2.jdbc.JdbcPreparedStatement.executeUpdateInternal(JdbcPreparedStatement.java:209)
	at org.h2.jdbc.JdbcPreparedStatement.executeUpdate(JdbcPreparedStatement.java:169)
	at com.lab7.dao.FunctionDAO.create(FunctionDAO.java:35)
	at com.lab7.service.FunctionService.createFunction(FunctionService.java:30)
	at com.lab7.servlet.FunctionServlet.doPost(FunctionServlet.java:149)
	at jakarta.servlet.http.HttpServlet.service(HttpServlet.java:520)
	at jakarta.servlet.http.HttpServlet.service(HttpServlet.java:587)
	at org.apache.catalina.core.ApplicationFilterChain.internalDoFilter(ApplicationFilterChain.java:205)
	at org.apache.catalina.core.ApplicationFilterChain.doFilter(ApplicationFilterChain.java:149)
	at org.apache.tomcat.websocket.server.WsFilter.doFilter(WsFilter.java:51)
	at org.apache.catalina.core.ApplicationFilterChain.internalDoFilter(ApplicationFilterChain.java:174)
	at org.apache.catalina.core.ApplicationFilterChain.doFilter(ApplicationFilterChain.java:149)
	at com.lab7.servlet.BasicAuthServlet.doFilter(BasicAuthServlet.java:92)
	at org.apache.catalina.core.ApplicationFilterChain.internalDoFilter(ApplicationFilterChain.java:174)
	at org.apache.catalina.core.ApplicationFilterChain.doFilter(ApplicationFilterChain.java:149)
	at org.springframework.web.filter.RequestContextFilter.doFilterInternal(RequestContextFilter.java:100)
	at org.springframework.web.filter.OncePerRequestFilter.doFilter(OncePerRequestFilter.java:116)
	at org.apache.catalina.core.ApplicationFilterChain.internalDoFilter(ApplicationFilterChain.java:174)
	at org.apache.catalina.core.ApplicationFilterChain.doFilter(ApplicationFilterChain.java:149)
	at org.springframework.web.filter.FormContentFilter.doFilterInternal(FormContentFilter.java:93)
	at org.springframework.web.filter.OncePerRequestFilter.doFilter(OncePerRequestFilter.java:116)
	at org.apache.catalina.core.ApplicationFilterChain.internalDoFilter(ApplicationFilterChain.java:174)
	at org.apache.catalina.core.ApplicationFilterChain.doFilter(ApplicationFilterChain.java:149)
	at org.springframework.web.filter.CharacterEncodingFilter.doFilterInternal(CharacterEncodingFilter.java:201)
	at org.springframework.web.filter.OncePerRequestFilter.doFilter(OncePerRequestFilter.java:116)
	at org.apache.catalina.core.ApplicationFilterChain.internalDoFilter(ApplicationFilterChain.java:174)
	at org.apache.catalina.core.ApplicationFilterChain.doFilter(ApplicationFilterChain.java:149)
	at org.apache.catalina.core.StandardWrapperValve.invoke(StandardWrapperValve.java:167)
	at org.apache.catalina.core.StandardContextValve.invoke(StandardContextValve.java:90)
	at org.apache.catalina.authenticator.AuthenticatorBase.invoke(AuthenticatorBase.java:482)
	at org.apache.catalina.core.StandardHostValve.invoke(StandardHostValve.java:115)
	at org.apache.catalina.valves.ErrorReportValve.invoke(ErrorReportValve.java:93)
	at org.apache.catalina.core.StandardEngineValve.invoke(StandardEngineValve.java:74)
	at org.apache.catalina.connector.CoyoteAdapter.service(CoyoteAdapter.java:340)
	at org.apache.coyote.http11.Http11Processor.service(Http11Processor.java:391)
	at org.apache.coyote.AbstractProcessorLight.process(AbstractProcessorLight.java:63)
	at org.apache.coyote.AbstractProtocol$ConnectionHandler.process(AbstractProtocol.java:896)
	at org.apache.tomcat.util.net.NioEndpoint$SocketProcessor.doRun(NioEndpoint.java:1744)
	at org.apache.tomcat.util.net.SocketProcessorBase.run(SocketProcessorBase.java:52)
	at org.apache.tomcat.util.threads.ThreadPoolExecutor.runWorker(ThreadPoolExecutor.java:1191)
	at org.apache.tomcat.util.threads.ThreadPoolExecutor$Worker.run(ThreadPoolExecutor.java:659)
	at org.apache.tomcat.util.threads.TaskThread$WrappingRunnable.run(TaskThread.java:61)
	at java.base/java.lang.Thread.run(Thread.java:1474)
2025-12-23 15:49:36 [http-nio-8080-exec-10] INFO  com.lab7.service.FunctionService - Начинаю создание функции с name=Синус (SinFunction)
2025-12-23 15:49:36 [http-nio-8080-exec-10] ERROR com.lab7.service.FunctionService - Ошибка при создании функции с name=Синус (SinFunction)
2025-12-23 15:49:36 [http-nio-8080-exec-10] ERROR com.lab7.servlet.FunctionServlet - Ошибка в doPost
org.h2.jdbc.JdbcSQLIntegrityConstraintViolationException: Нарушение ограничения: "CONSTRAINT_9D: "
Check constraint violation: "CONSTRAINT_9D: "; SQL statement:
INSERT INTO functions (name, type, owner_id) VALUES (?, ?, ?) [23513-214]
	at org.h2.message.DbException.getJdbcSQLException(DbException.java:508)
	at org.h2.message.DbException.getJdbcSQLException(DbException.java:477)
	at org.h2.message.DbException.get(DbException.java:223)
	at org.h2.message.DbException.get(DbException.java:199)
	at org.h2.constraint.ConstraintCheck.checkRow(ConstraintCheck.java:110)
	at org.h2.table.Table.fireConstraints(Table.java:1172)
	at org.h2.table.Table.fireBeforeRow(Table.java:1163)
	at org.h2.command.dml.Insert.insertRows(Insert.java:171)
	at org.h2.command.dml.Insert.update(Insert.java:135)
	at org.h2.command.CommandContainer.executeUpdateWithGeneratedKeys(CommandContainer.java:242)
	at org.h2.command.CommandContainer.update(CommandContainer.java:163)
	at org.h2.command.Command.executeUpdate(Command.java:252)
	at org.h2.jdbc.JdbcPreparedStatement.executeUpdateInternal(JdbcPreparedStatement.java:209)
	at org.h2.jdbc.JdbcPreparedStatement.executeUpdate(JdbcPreparedStatement.java:169)
	at com.lab7.dao.FunctionDAO.create(FunctionDAO.java:35)
	at com.lab7.service.FunctionService.createFunction(FunctionService.java:30)
	at com.lab7.servlet.FunctionServlet.doPost(FunctionServlet.java:149)
	at jakarta.servlet.http.HttpServlet.service(HttpServlet.java:520)
	at jakarta.servlet.http.HttpServlet.service(HttpServlet.java:587)
	at org.apache.catalina.core.ApplicationFilterChain.internalDoFilter(ApplicationFilterChain.java:205)
	at org.apache.catalina.core.ApplicationFilterChain.doFilter(ApplicationFilterChain.java:149)
	at org.apache.tomcat.websocket.server.WsFilter.doFilter(WsFilter.java:51)
	at org.apache.catalina.core.ApplicationFilterChain.internalDoFilter(ApplicationFilterChain.java:174)
	at org.apache.catalina.core.ApplicationFilterChain.doFilter(ApplicationFilterChain.java:149)
	at com.lab7.servlet.BasicAuthServlet.doFilter(BasicAuthServlet.java:92)
	at org.apache.catalina.core.ApplicationFilterChain.internalDoFilter(ApplicationFilterChain.java:174)
	at org.apache.catalina.core.ApplicationFilterChain.doFilter(ApplicationFilterChain.java:149)
	at org.springframework.web.filter.RequestContextFilter.doFilterInternal(RequestContextFilter.java:100)
	at org.springframework.web.filter.OncePerRequestFilter.doFilter(OncePerRequestFilter.java:116)
	at org.apache.catalina.core.ApplicationFilterChain.internalDoFilter(ApplicationFilterChain.java:174)
	at org.apache.catalina.core.ApplicationFilterChain.doFilter(ApplicationFilterChain.java:149)
	at org.springframework.web.filter.FormContentFilter.doFilterInternal(FormContentFilter.java:93)
	at org.springframework.web.filter.OncePerRequestFilter.doFilter(OncePerRequestFilter.java:116)
	at org.apache.catalina.core.ApplicationFilterChain.internalDoFilter(ApplicationFilterChain.java:174)
	at org.apache.catalina.core.ApplicationFilterChain.doFilter(ApplicationFilterChain.java:149)
	at org.springframework.web.filter.CharacterEncodingFilter.doFilterInternal(CharacterEncodingFilter.java:201)
	at org.springframework.web.filter.OncePerRequestFilter.doFilter(OncePerRequestFilter.java:116)
	at org.apache.catalina.core.ApplicationFilterChain.internalDoFilter(ApplicationFilterChain.java:174)
	at org.apache.catalina.core.ApplicationFilterChain.doFilter(ApplicationFilterChain.java:149)
	at org.apache.catalina.core.StandardWrapperValve.invoke(StandardWrapperValve.java:167)
	at org.apache.catalina.core.StandardContextValve.invoke(StandardContextValve.java:90)
	at org.apache.catalina.authenticator.AuthenticatorBase.invoke(AuthenticatorBase.java:482)
	at org.apache.catalina.core.StandardHostValve.invoke(StandardHostValve.java:115)
	at org.apache.catalina.valves.ErrorReportValve.invoke(ErrorReportValve.java:93)
	at org.apache.catalina.core.StandardEngineValve.invoke(StandardEngineValve.java:74)
	at org.apache.catalina.connector.CoyoteAdapter.service(CoyoteAdapter.java:340)
	at org.apache.coyote.http11.Http11Processor.service(Http11Processor.java:391)
	at org.apache.coyote.AbstractProcessorLight.process(AbstractProcessorLight.java:63)
	at org.apache.coyote.AbstractProtocol$ConnectionHandler.process(AbstractProtocol.java:896)
	at org.apache.tomcat.util.net.NioEndpoint$SocketProcessor.doRun(NioEndpoint.java:1744)
	at org.apache.tomcat.util.net.SocketProcessorBase.run(SocketProcessorBase.java:52)
	at org.apache.tomcat.util.threads.ThreadPoolExecutor.runWorker(ThreadPoolExecutor.java:1191)
	at org.apache.tomcat.util.threads.ThreadPoolExecutor$Worker.run(ThreadPoolExecutor.java:659)
	at org.apache.tomcat.util.threads.TaskThread$WrappingRunnable.run(TaskThread.java:61)
	at java.base/java.lang.Thread.run(Thread.java:1474)
2025-12-23 15:49:36 [http-nio-8080-exec-1] INFO  com.lab7.service.FunctionService - Начинаю создание функции с name=Нулевая (ZeroFunction)
2025-12-23 15:49:36 [http-nio-8080-exec-1] ERROR com.lab7.service.FunctionService - Ошибка при создании функции с name=Нулевая (ZeroFunction)
2025-12-23 15:49:36 [http-nio-8080-exec-1] ERROR com.lab7.servlet.FunctionServlet - Ошибка в doPost
org.h2.jdbc.JdbcSQLIntegrityConstraintViolationException: Нарушение ограничения: "CONSTRAINT_9D: "
Check constraint violation: "CONSTRAINT_9D: "; SQL statement:
INSERT INTO functions (name, type, owner_id) VALUES (?, ?, ?) [23513-214]
	at org.h2.message.DbException.getJdbcSQLException(DbException.java:508)
	at org.h2.message.DbException.getJdbcSQLException(DbException.java:477)
	at org.h2.message.DbException.get(DbException.java:223)
	at org.h2.message.DbException.get(DbException.java:199)
	at org.h2.constraint.ConstraintCheck.checkRow(ConstraintCheck.java:110)
	at org.h2.table.Table.fireConstraints(Table.java:1172)
	at org.h2.table.Table.fireBeforeRow(Table.java:1163)
	at org.h2.command.dml.Insert.insertRows(Insert.java:171)
	at org.h2.command.dml.Insert.update(Insert.java:135)
	at org.h2.command.CommandContainer.executeUpdateWithGeneratedKeys(CommandContainer.java:242)
	at org.h2.command.CommandContainer.update(CommandContainer.java:163)
	at org.h2.command.Command.executeUpdate(Command.java:252)
	at org.h2.jdbc.JdbcPreparedStatement.executeUpdateInternal(JdbcPreparedStatement.java:209)
	at org.h2.jdbc.JdbcPreparedStatement.executeUpdate(JdbcPreparedStatement.java:169)
	at com.lab7.dao.FunctionDAO.create(FunctionDAO.java:35)
	at com.lab7.service.FunctionService.createFunction(FunctionService.java:30)
	at com.lab7.servlet.FunctionServlet.doPost(FunctionServlet.java:149)
	at jakarta.servlet.http.HttpServlet.service(HttpServlet.java:520)
	at jakarta.servlet.http.HttpServlet.service(HttpServlet.java:587)
	at org.apache.catalina.core.ApplicationFilterChain.internalDoFilter(ApplicationFilterChain.java:205)
	at org.apache.catalina.core.ApplicationFilterChain.doFilter(ApplicationFilterChain.java:149)
	at org.apache.tomcat.websocket.server.WsFilter.doFilter(WsFilter.java:51)
	at org.apache.catalina.core.ApplicationFilterChain.internalDoFilter(ApplicationFilterChain.java:174)
	at org.apache.catalina.core.ApplicationFilterChain.doFilter(ApplicationFilterChain.java:149)
	at com.lab7.servlet.BasicAuthServlet.doFilter(BasicAuthServlet.java:92)
	at org.apache.catalina.core.ApplicationFilterChain.internalDoFilter(ApplicationFilterChain.java:174)
	at org.apache.catalina.core.ApplicationFilterChain.doFilter(ApplicationFilterChain.java:149)
	at org.springframework.web.filter.RequestContextFilter.doFilterInternal(RequestContextFilter.java:100)
	at org.springframework.web.filter.OncePerRequestFilter.doFilter(OncePerRequestFilter.java:116)
	at org.apache.catalina.core.ApplicationFilterChain.internalDoFilter(ApplicationFilterChain.java:174)
	at org.apache.catalina.core.ApplicationFilterChain.doFilter(ApplicationFilterChain.java:149)
	at org.springframework.web.filter.FormContentFilter.doFilterInternal(FormContentFilter.java:93)
	at org.springframework.web.filter.OncePerRequestFilter.doFilter(OncePerRequestFilter.java:116)
	at org.apache.catalina.core.ApplicationFilterChain.internalDoFilter(ApplicationFilterChain.java:174)
	at org.apache.catalina.core.ApplicationFilterChain.doFilter(ApplicationFilterChain.java:149)
	at org.springframework.web.filter.CharacterEncodingFilter.doFilterInternal(CharacterEncodingFilter.java:201)
	at org.springframework.web.filter.OncePerRequestFilter.doFilter(OncePerRequestFilter.java:116)
	at org.apache.catalina.core.ApplicationFilterChain.internalDoFilter(ApplicationFilterChain.java:174)
	at org.apache.catalina.core.ApplicationFilterChain.doFilter(ApplicationFilterChain.java:149)
	at org.apache.catalina.core.StandardWrapperValve.invoke(StandardWrapperValve.java:167)
	at org.apache.catalina.core.StandardContextValve.invoke(StandardContextValve.java:90)
	at org.apache.catalina.authenticator.AuthenticatorBase.invoke(AuthenticatorBase.java:482)
	at org.apache.catalina.core.StandardHostValve.invoke(StandardHostValve.java:115)
	at org.apache.catalina.valves.ErrorReportValve.invoke(ErrorReportValve.java:93)
	at org.apache.catalina.core.StandardEngineValve.invoke(StandardEngineValve.java:74)
	at org.apache.catalina.connector.CoyoteAdapter.service(CoyoteAdapter.java:340)
	at org.apache.coyote.http11.Http11Processor.service(Http11Processor.java:391)
	at org.apache.coyote.AbstractProcessorLight.process(AbstractProcessorLight.java:63)
	at org.apache.coyote.AbstractProtocol$ConnectionHandler.process(AbstractProtocol.java:896)
	at org.apache.tomcat.util.net.NioEndpoint$SocketProcessor.doRun(NioEndpoint.java:1744)
	at org.apache.tomcat.util.net.SocketProcessorBase.run(SocketProcessorBase.java:52)
	at org.apache.tomcat.util.threads.ThreadPoolExecutor.runWorker(ThreadPoolExecutor.java:1191)
	at org.apache.tomcat.util.threads.ThreadPoolExecutor$Worker.run(ThreadPoolExecutor.java:659)
	at org.apache.tomcat.util.threads.TaskThread$WrappingRunnable.run(TaskThread.java:61)
	at java.base/java.lang.Thread.run(Thread.java:1474)
2025-12-23 15:49:36 [http-nio-8080-exec-2] INFO  com.lab7.service.FunctionService - Начинаю создание функции с name=Единичная (UnitFunction)
2025-12-23 15:49:36 [http-nio-8080-exec-2] ERROR com.lab7.service.FunctionService - Ошибка при создании функции с name=Единичная (UnitFunction)
2025-12-23 15:49:36 [http-nio-8080-exec-2] ERROR com.lab7.servlet.FunctionServlet - Ошибка в doPost
org.h2.jdbc.JdbcSQLIntegrityConstraintViolationException: Нарушение ограничения: "CONSTRAINT_9D: "
Check constraint violation: "CONSTRAINT_9D: "; SQL statement:
INSERT INTO functions (name, type, owner_id) VALUES (?, ?, ?) [23513-214]
	at org.h2.message.DbException.getJdbcSQLException(DbException.java:508)
	at org.h2.message.DbException.getJdbcSQLException(DbException.java:477)
	at org.h2.message.DbException.get(DbException.java:223)
	at org.h2.message.DbException.get(DbException.java:199)
	at org.h2.constraint.ConstraintCheck.checkRow(ConstraintCheck.java:110)
	at org.h2.table.Table.fireConstraints(Table.java:1172)
	at org.h2.table.Table.fireBeforeRow(Table.java:1163)
	at org.h2.command.dml.Insert.insertRows(Insert.java:171)
	at org.h2.command.dml.Insert.update(Insert.java:135)
	at org.h2.command.CommandContainer.executeUpdateWithGeneratedKeys(CommandContainer.java:242)
	at org.h2.command.CommandContainer.update(CommandContainer.java:163)
	at org.h2.command.Command.executeUpdate(Command.java:252)
	at org.h2.jdbc.JdbcPreparedStatement.executeUpdateInternal(JdbcPreparedStatement.java:209)
	at org.h2.jdbc.JdbcPreparedStatement.executeUpdate(JdbcPreparedStatement.java:169)
	at com.lab7.dao.FunctionDAO.create(FunctionDAO.java:35)
	at com.lab7.service.FunctionService.createFunction(FunctionService.java:30)
	at com.lab7.servlet.FunctionServlet.doPost(FunctionServlet.java:149)
	at jakarta.servlet.http.HttpServlet.service(HttpServlet.java:520)
	at jakarta.servlet.http.HttpServlet.service(HttpServlet.java:587)
	at org.apache.catalina.core.ApplicationFilterChain.internalDoFilter(ApplicationFilterChain.java:205)
	at org.apache.catalina.core.ApplicationFilterChain.doFilter(ApplicationFilterChain.java:149)
	at org.apache.tomcat.websocket.server.WsFilter.doFilter(WsFilter.java:51)
	at org.apache.catalina.core.ApplicationFilterChain.internalDoFilter(ApplicationFilterChain.java:174)
	at org.apache.catalina.core.ApplicationFilterChain.doFilter(ApplicationFilterChain.java:149)
	at com.lab7.servlet.BasicAuthServlet.doFilter(BasicAuthServlet.java:92)
	at org.apache.catalina.core.ApplicationFilterChain.internalDoFilter(ApplicationFilterChain.java:174)
	at org.apache.catalina.core.ApplicationFilterChain.doFilter(ApplicationFilterChain.java:149)
	at org.springframework.web.filter.RequestContextFilter.doFilterInternal(RequestContextFilter.java:100)
	at org.springframework.web.filter.OncePerRequestFilter.doFilter(OncePerRequestFilter.java:116)
	at org.apache.catalina.core.ApplicationFilterChain.internalDoFilter(ApplicationFilterChain.java:174)
	at org.apache.catalina.core.ApplicationFilterChain.doFilter(ApplicationFilterChain.java:149)
	at org.springframework.web.filter.FormContentFilter.doFilterInternal(FormContentFilter.java:93)
	at org.springframework.web.filter.OncePerRequestFilter.doFilter(OncePerRequestFilter.java:116)
	at org.apache.catalina.core.ApplicationFilterChain.internalDoFilter(ApplicationFilterChain.java:174)
	at org.apache.catalina.core.ApplicationFilterChain.doFilter(ApplicationFilterChain.java:149)
	at org.springframework.web.filter.CharacterEncodingFilter.doFilterInternal(CharacterEncodingFilter.java:201)
	at org.springframework.web.filter.OncePerRequestFilter.doFilter(OncePerRequestFilter.java:116)
	at org.apache.catalina.core.ApplicationFilterChain.internalDoFilter(ApplicationFilterChain.java:174)
	at org.apache.catalina.core.ApplicationFilterChain.doFilter(ApplicationFilterChain.java:149)
	at org.apache.catalina.core.StandardWrapperValve.invoke(StandardWrapperValve.java:167)
	at org.apache.catalina.core.StandardContextValve.invoke(StandardContextValve.java:90)
	at org.apache.catalina.authenticator.AuthenticatorBase.invoke(AuthenticatorBase.java:482)
	at org.apache.catalina.core.StandardHostValve.invoke(StandardHostValve.java:115)
	at org.apache.catalina.valves.ErrorReportValve.invoke(ErrorReportValve.java:93)
	at org.apache.catalina.core.StandardEngineValve.invoke(StandardEngineValve.java:74)
	at org.apache.catalina.connector.CoyoteAdapter.service(CoyoteAdapter.java:340)
	at org.apache.coyote.http11.Http11Processor.service(Http11Processor.java:391)
	at org.apache.coyote.AbstractProcessorLight.process(AbstractProcessorLight.java:63)
	at org.apache.coyote.AbstractProtocol$ConnectionHandler.process(AbstractProtocol.java:896)
	at org.apache.tomcat.util.net.NioEndpoint$SocketProcessor.doRun(NioEndpoint.java:1744)
	at org.apache.tomcat.util.net.SocketProcessorBase.run(SocketProcessorBase.java:52)
	at org.apache.tomcat.util.threads.ThreadPoolExecutor.runWorker(ThreadPoolExecutor.java:1191)
	at org.apache.tomcat.util.threads.ThreadPoolExecutor$Worker.run(ThreadPoolExecutor.java:659)
	at org.apache.tomcat.util.threads.TaskThread$WrappingRunnable.run(TaskThread.java:61)
	at java.base/java.lang.Thread.run(Thread.java:1474)
2025-12-23 15:49:36 [http-nio-8080-exec-3] INFO  com.lab7.service.FunctionService - Начинаю создание функции с name=Сдвиг (Identity + 1)
2025-12-23 15:49:36 [http-nio-8080-exec-3] ERROR com.lab7.service.FunctionService - Ошибка при создании функции с name=Сдвиг (Identity + 1)
2025-12-23 15:49:36 [http-nio-8080-exec-3] ERROR com.lab7.servlet.FunctionServlet - Ошибка в doPost
org.h2.jdbc.JdbcSQLIntegrityConstraintViolationException: Нарушение ограничения: "CONSTRAINT_9D: "
Check constraint violation: "CONSTRAINT_9D: "; SQL statement:
INSERT INTO functions (name, type, owner_id) VALUES (?, ?, ?) [23513-214]
	at org.h2.message.DbException.getJdbcSQLException(DbException.java:508)
	at org.h2.message.DbException.getJdbcSQLException(DbException.java:477)
	at org.h2.message.DbException.get(DbException.java:223)
	at org.h2.message.DbException.get(DbException.java:199)
	at org.h2.constraint.ConstraintCheck.checkRow(ConstraintCheck.java:110)
	at org.h2.table.Table.fireConstraints(Table.java:1172)
	at org.h2.table.Table.fireBeforeRow(Table.java:1163)
	at org.h2.command.dml.Insert.insertRows(Insert.java:171)
	at org.h2.command.dml.Insert.update(Insert.java:135)
	at org.h2.command.CommandContainer.executeUpdateWithGeneratedKeys(CommandContainer.java:242)
	at org.h2.command.CommandContainer.update(CommandContainer.java:163)
	at org.h2.command.Command.executeUpdate(Command.java:252)
	at org.h2.jdbc.JdbcPreparedStatement.executeUpdateInternal(JdbcPreparedStatement.java:209)
	at org.h2.jdbc.JdbcPreparedStatement.executeUpdate(JdbcPreparedStatement.java:169)
	at com.lab7.dao.FunctionDAO.create(FunctionDAO.java:35)
	at com.lab7.service.FunctionService.createFunction(FunctionService.java:30)
	at com.lab7.servlet.FunctionServlet.doPost(FunctionServlet.java:149)
	at jakarta.servlet.http.HttpServlet.service(HttpServlet.java:520)
	at jakarta.servlet.http.HttpServlet.service(HttpServlet.java:587)
	at org.apache.catalina.core.ApplicationFilterChain.internalDoFilter(ApplicationFilterChain.java:205)
	at org.apache.catalina.core.ApplicationFilterChain.doFilter(ApplicationFilterChain.java:149)
	at org.apache.tomcat.websocket.server.WsFilter.doFilter(WsFilter.java:51)
	at org.apache.catalina.core.ApplicationFilterChain.internalDoFilter(ApplicationFilterChain.java:174)
	at org.apache.catalina.core.ApplicationFilterChain.doFilter(ApplicationFilterChain.java:149)
	at com.lab7.servlet.BasicAuthServlet.doFilter(BasicAuthServlet.java:92)
	at org.apache.catalina.core.ApplicationFilterChain.internalDoFilter(ApplicationFilterChain.java:174)
	at org.apache.catalina.core.ApplicationFilterChain.doFilter(ApplicationFilterChain.java:149)
	at org.springframework.web.filter.RequestContextFilter.doFilterInternal(RequestContextFilter.java:100)
	at org.springframework.web.filter.OncePerRequestFilter.doFilter(OncePerRequestFilter.java:116)
	at org.apache.catalina.core.ApplicationFilterChain.internalDoFilter(ApplicationFilterChain.java:174)
	at org.apache.catalina.core.ApplicationFilterChain.doFilter(ApplicationFilterChain.java:149)
	at org.springframework.web.filter.FormContentFilter.doFilterInternal(FormContentFilter.java:93)
	at org.springframework.web.filter.OncePerRequestFilter.doFilter(OncePerRequestFilter.java:116)
	at org.apache.catalina.core.ApplicationFilterChain.internalDoFilter(ApplicationFilterChain.java:174)
	at org.apache.catalina.core.ApplicationFilterChain.doFilter(ApplicationFilterChain.java:149)
	at org.springframework.web.filter.CharacterEncodingFilter.doFilterInternal(CharacterEncodingFilter.java:201)
	at org.springframework.web.filter.OncePerRequestFilter.doFilter(OncePerRequestFilter.java:116)
	at org.apache.catalina.core.ApplicationFilterChain.internalDoFilter(ApplicationFilterChain.java:174)
	at org.apache.catalina.core.ApplicationFilterChain.doFilter(ApplicationFilterChain.java:149)
	at org.apache.catalina.core.StandardWrapperValve.invoke(StandardWrapperValve.java:167)
	at org.apache.catalina.core.StandardContextValve.invoke(StandardContextValve.java:90)
	at org.apache.catalina.authenticator.AuthenticatorBase.invoke(AuthenticatorBase.java:482)
	at org.apache.catalina.core.StandardHostValve.invoke(StandardHostValve.java:115)
	at org.apache.catalina.valves.ErrorReportValve.invoke(ErrorReportValve.java:93)
	at org.apache.catalina.core.StandardEngineValve.invoke(StandardEngineValve.java:74)
	at org.apache.catalina.connector.CoyoteAdapter.service(CoyoteAdapter.java:340)
	at org.apache.coyote.http11.Http11Processor.service(Http11Processor.java:391)
	at org.apache.coyote.AbstractProcessorLight.process(AbstractProcessorLight.java:63)
	at org.apache.coyote.AbstractProtocol$ConnectionHandler.process(AbstractProtocol.java:896)
	at org.apache.tomcat.util.net.NioEndpoint$SocketProcessor.doRun(NioEndpoint.java:1744)
	at org.apache.tomcat.util.net.SocketProcessorBase.run(SocketProcessorBase.java:52)
	at org.apache.tomcat.util.threads.ThreadPoolExecutor.runWorker(ThreadPoolExecutor.java:1191)
	at org.apache.tomcat.util.threads.ThreadPoolExecutor$Worker.run(ThreadPoolExecutor.java:659)
	at org.apache.tomcat.util.threads.TaskThread$WrappingRunnable.run(TaskThread.java:61)
	at java.base/java.lang.Thread.run(Thread.java:1474)
2025-12-23 15:49:37 [http-nio-8080-exec-4] INFO  com.lab7.service.FunctionService - Начинаю создание функции с name=Метод Ньютона (MethodNewtonFunction)
2025-12-23 15:49:37 [http-nio-8080-exec-4] ERROR com.lab7.service.FunctionService - Ошибка при создании функции с name=Метод Ньютона (MethodNewtonFunction)
2025-12-23 15:49:37 [http-nio-8080-exec-4] ERROR com.lab7.servlet.FunctionServlet - Ошибка в doPost
org.h2.jdbc.JdbcSQLIntegrityConstraintViolationException: Нарушение ограничения: "CONSTRAINT_9D: "
Check constraint violation: "CONSTRAINT_9D: "; SQL statement:
INSERT INTO functions (name, type, owner_id) VALUES (?, ?, ?) [23513-214]
	at org.h2.message.DbException.getJdbcSQLException(DbException.java:508)
	at org.h2.message.DbException.getJdbcSQLException(DbException.java:477)
	at org.h2.message.DbException.get(DbException.java:223)
	at org.h2.message.DbException.get(DbException.java:199)
	at org.h2.constraint.ConstraintCheck.checkRow(ConstraintCheck.java:110)
	at org.h2.table.Table.fireConstraints(Table.java:1172)
	at org.h2.table.Table.fireBeforeRow(Table.java:1163)
	at org.h2.command.dml.Insert.insertRows(Insert.java:171)
	at org.h2.command.dml.Insert.update(Insert.java:135)
	at org.h2.command.CommandContainer.executeUpdateWithGeneratedKeys(CommandContainer.java:242)
	at org.h2.command.CommandContainer.update(CommandContainer.java:163)
	at org.h2.command.Command.executeUpdate(Command.java:252)
	at org.h2.jdbc.JdbcPreparedStatement.executeUpdateInternal(JdbcPreparedStatement.java:209)
	at org.h2.jdbc.JdbcPreparedStatement.executeUpdate(JdbcPreparedStatement.java:169)
	at com.lab7.dao.FunctionDAO.create(FunctionDAO.java:35)
	at com.lab7.service.FunctionService.createFunction(FunctionService.java:30)
	at com.lab7.servlet.FunctionServlet.doPost(FunctionServlet.java:149)
	at jakarta.servlet.http.HttpServlet.service(HttpServlet.java:520)
	at jakarta.servlet.http.HttpServlet.service(HttpServlet.java:587)
	at org.apache.catalina.core.ApplicationFilterChain.internalDoFilter(ApplicationFilterChain.java:205)
	at org.apache.catalina.core.ApplicationFilterChain.doFilter(ApplicationFilterChain.java:149)
	at org.apache.tomcat.websocket.server.WsFilter.doFilter(WsFilter.java:51)
	at org.apache.catalina.core.ApplicationFilterChain.internalDoFilter(ApplicationFilterChain.java:174)
	at org.apache.catalina.core.ApplicationFilterChain.doFilter(ApplicationFilterChain.java:149)
	at com.lab7.servlet.BasicAuthServlet.doFilter(BasicAuthServlet.java:92)
	at org.apache.catalina.core.ApplicationFilterChain.internalDoFilter(ApplicationFilterChain.java:174)
	at org.apache.catalina.core.ApplicationFilterChain.doFilter(ApplicationFilterChain.java:149)
	at org.springframework.web.filter.RequestContextFilter.doFilterInternal(RequestContextFilter.java:100)
	at org.springframework.web.filter.OncePerRequestFilter.doFilter(OncePerRequestFilter.java:116)
	at org.apache.catalina.core.ApplicationFilterChain.internalDoFilter(ApplicationFilterChain.java:174)
	at org.apache.catalina.core.ApplicationFilterChain.doFilter(ApplicationFilterChain.java:149)
	at org.springframework.web.filter.FormContentFilter.doFilterInternal(FormContentFilter.java:93)
	at org.springframework.web.filter.OncePerRequestFilter.doFilter(OncePerRequestFilter.java:116)
	at org.apache.catalina.core.ApplicationFilterChain.internalDoFilter(ApplicationFilterChain.java:174)
	at org.apache.catalina.core.ApplicationFilterChain.doFilter(ApplicationFilterChain.java:149)
	at org.springframework.web.filter.CharacterEncodingFilter.doFilterInternal(CharacterEncodingFilter.java:201)
	at org.springframework.web.filter.OncePerRequestFilter.doFilter(OncePerRequestFilter.java:116)
	at org.apache.catalina.core.ApplicationFilterChain.internalDoFilter(ApplicationFilterChain.java:174)
	at org.apache.catalina.core.ApplicationFilterChain.doFilter(ApplicationFilterChain.java:149)
	at org.apache.catalina.core.StandardWrapperValve.invoke(StandardWrapperValve.java:167)
	at org.apache.catalina.core.StandardContextValve.invoke(StandardContextValve.java:90)
	at org.apache.catalina.authenticator.AuthenticatorBase.invoke(AuthenticatorBase.java:482)
	at org.apache.catalina.core.StandardHostValve.invoke(StandardHostValve.java:115)
	at org.apache.catalina.valves.ErrorReportValve.invoke(ErrorReportValve.java:93)
	at org.apache.catalina.core.StandardEngineValve.invoke(StandardEngineValve.java:74)
	at org.apache.catalina.connector.CoyoteAdapter.service(CoyoteAdapter.java:340)
	at org.apache.coyote.http11.Http11Processor.service(Http11Processor.java:391)
	at org.apache.coyote.AbstractProcessorLight.process(AbstractProcessorLight.java:63)
	at org.apache.coyote.AbstractProtocol$ConnectionHandler.process(AbstractProtocol.java:896)
	at org.apache.tomcat.util.net.NioEndpoint$SocketProcessor.doRun(NioEndpoint.java:1744)
	at org.apache.tomcat.util.net.SocketProcessorBase.run(SocketProcessorBase.java:52)
	at org.apache.tomcat.util.threads.ThreadPoolExecutor.runWorker(ThreadPoolExecutor.java:1191)
	at org.apache.tomcat.util.threads.ThreadPoolExecutor$Worker.run(ThreadPoolExecutor.java:659)
	at org.apache.tomcat.util.threads.TaskThread$WrappingRunnable.run(TaskThread.java:61)
	at java.base/java.lang.Thread.run(Thread.java:1474)
2025-12-23 15:49:37 [http-nio-8080-exec-5] INFO  com.lab7.service.FunctionService - Начинаю создание функции с name=B-сплайн де Бура (DeBoorFunction)
2025-12-23 15:49:37 [http-nio-8080-exec-5] ERROR com.lab7.service.FunctionService - Ошибка при создании функции с name=B-сплайн де Бура (DeBoorFunction)
2025-12-23 15:49:37 [http-nio-8080-exec-5] ERROR com.lab7.servlet.FunctionServlet - Ошибка в doPost
org.h2.jdbc.JdbcSQLIntegrityConstraintViolationException: Нарушение ограничения: "CONSTRAINT_9D: "
Check constraint violation: "CONSTRAINT_9D: "; SQL statement:
INSERT INTO functions (name, type, owner_id) VALUES (?, ?, ?) [23513-214]
	at org.h2.message.DbException.getJdbcSQLException(DbException.java:508)
	at org.h2.message.DbException.getJdbcSQLException(DbException.java:477)
	at org.h2.message.DbException.get(DbException.java:223)
	at org.h2.message.DbException.get(DbException.java:199)
	at org.h2.constraint.ConstraintCheck.checkRow(ConstraintCheck.java:110)
	at org.h2.table.Table.fireConstraints(Table.java:1172)
	at org.h2.table.Table.fireBeforeRow(Table.java:1163)
	at org.h2.command.dml.Insert.insertRows(Insert.java:171)
	at org.h2.command.dml.Insert.update(Insert.java:135)
	at org.h2.command.CommandContainer.executeUpdateWithGeneratedKeys(CommandContainer.java:242)
	at org.h2.command.CommandContainer.update(CommandContainer.java:163)
	at org.h2.command.Command.executeUpdate(Command.java:252)
	at org.h2.jdbc.JdbcPreparedStatement.executeUpdateInternal(JdbcPreparedStatement.java:209)
	at org.h2.jdbc.JdbcPreparedStatement.executeUpdate(JdbcPreparedStatement.java:169)
	at com.lab7.dao.FunctionDAO.create(FunctionDAO.java:35)
	at com.lab7.service.FunctionService.createFunction(FunctionService.java:30)
	at com.lab7.servlet.FunctionServlet.doPost(FunctionServlet.java:149)
	at jakarta.servlet.http.HttpServlet.service(HttpServlet.java:520)
	at jakarta.servlet.http.HttpServlet.service(HttpServlet.java:587)
	at org.apache.catalina.core.ApplicationFilterChain.internalDoFilter(ApplicationFilterChain.java:205)
	at org.apache.catalina.core.ApplicationFilterChain.doFilter(ApplicationFilterChain.java:149)
	at org.apache.tomcat.websocket.server.WsFilter.doFilter(WsFilter.java:51)
	at org.apache.catalina.core.ApplicationFilterChain.internalDoFilter(ApplicationFilterChain.java:174)
	at org.apache.catalina.core.ApplicationFilterChain.doFilter(ApplicationFilterChain.java:149)
	at com.lab7.servlet.BasicAuthServlet.doFilter(BasicAuthServlet.java:92)
	at org.apache.catalina.core.ApplicationFilterChain.internalDoFilter(ApplicationFilterChain.java:174)
	at org.apache.catalina.core.ApplicationFilterChain.doFilter(ApplicationFilterChain.java:149)
	at org.springframework.web.filter.RequestContextFilter.doFilterInternal(RequestContextFilter.java:100)
	at org.springframework.web.filter.OncePerRequestFilter.doFilter(OncePerRequestFilter.java:116)
	at org.apache.catalina.core.ApplicationFilterChain.internalDoFilter(ApplicationFilterChain.java:174)
	at org.apache.catalina.core.ApplicationFilterChain.doFilter(ApplicationFilterChain.java:149)
	at org.springframework.web.filter.FormContentFilter.doFilterInternal(FormContentFilter.java:93)
	at org.springframework.web.filter.OncePerRequestFilter.doFilter(OncePerRequestFilter.java:116)
	at org.apache.catalina.core.ApplicationFilterChain.internalDoFilter(ApplicationFilterChain.java:174)
	at org.apache.catalina.core.ApplicationFilterChain.doFilter(ApplicationFilterChain.java:149)
	at org.springframework.web.filter.CharacterEncodingFilter.doFilterInternal(CharacterEncodingFilter.java:201)
	at org.springframework.web.filter.OncePerRequestFilter.doFilter(OncePerRequestFilter.java:116)
	at org.apache.catalina.core.ApplicationFilterChain.internalDoFilter(ApplicationFilterChain.java:174)
	at org.apache.catalina.core.ApplicationFilterChain.doFilter(ApplicationFilterChain.java:149)
	at org.apache.catalina.core.StandardWrapperValve.invoke(StandardWrapperValve.java:167)
	at org.apache.catalina.core.StandardContextValve.invoke(StandardContextValve.java:90)
	at org.apache.catalina.authenticator.AuthenticatorBase.invoke(AuthenticatorBase.java:482)
	at org.apache.catalina.core.StandardHostValve.invoke(StandardHostValve.java:115)
	at org.apache.catalina.valves.ErrorReportValve.invoke(ErrorReportValve.java:93)
	at org.apache.catalina.core.StandardEngineValve.invoke(StandardEngineValve.java:74)
	at org.apache.catalina.connector.CoyoteAdapter.service(CoyoteAdapter.java:340)
	at org.apache.coyote.http11.Http11Processor.service(Http11Processor.java:391)
	at org.apache.coyote.AbstractProcessorLight.process(AbstractProcessorLight.java:63)
	at org.apache.coyote.AbstractProtocol$ConnectionHandler.process(AbstractProtocol.java:896)
	at org.apache.tomcat.util.net.NioEndpoint$SocketProcessor.doRun(NioEndpoint.java:1744)
	at org.apache.tomcat.util.net.SocketProcessorBase.run(SocketProcessorBase.java:52)
	at org.apache.tomcat.util.threads.ThreadPoolExecutor.runWorker(ThreadPoolExecutor.java:1191)
	at org.apache.tomcat.util.threads.ThreadPoolExecutor$Worker.run(ThreadPoolExecutor.java:659)
	at org.apache.tomcat.util.threads.TaskThread$WrappingRunnable.run(TaskThread.java:61)
	at java.base/java.lang.Thread.run(Thread.java:1474)
2025-12-23 15:49:37 [http-nio-8080-exec-6] INFO  com.lab7.service.FunctionService - Начинаю создание функции с name=Тождественная (IdentityFunction)
2025-12-23 15:49:37 [http-nio-8080-exec-6] ERROR com.lab7.service.FunctionService - Ошибка при создании функции с name=Тождественная (IdentityFunction)
2025-12-23 15:49:37 [http-nio-8080-exec-6] ERROR com.lab7.servlet.FunctionServlet - Ошибка в doPost
org.h2.jdbc.JdbcSQLIntegrityConstraintViolationException: Нарушение ограничения: "CONSTRAINT_9D: "
Check constraint violation: "CONSTRAINT_9D: "; SQL statement:
INSERT INTO functions (name, type, owner_id) VALUES (?, ?, ?) [23513-214]
	at org.h2.message.DbException.getJdbcSQLException(DbException.java:508)
	at org.h2.message.DbException.getJdbcSQLException(DbException.java:477)
	at org.h2.message.DbException.get(DbException.java:223)
	at org.h2.message.DbException.get(DbException.java:199)
	at org.h2.constraint.ConstraintCheck.checkRow(ConstraintCheck.java:110)
	at org.h2.table.Table.fireConstraints(Table.java:1172)
	at org.h2.table.Table.fireBeforeRow(Table.java:1163)
	at org.h2.command.dml.Insert.insertRows(Insert.java:171)
	at org.h2.command.dml.Insert.update(Insert.java:135)
	at org.h2.command.CommandContainer.executeUpdateWithGeneratedKeys(CommandContainer.java:242)
	at org.h2.command.CommandContainer.update(CommandContainer.java:163)
	at org.h2.command.Command.executeUpdate(Command.java:252)
	at org.h2.jdbc.JdbcPreparedStatement.executeUpdateInternal(JdbcPreparedStatement.java:209)
	at org.h2.jdbc.JdbcPreparedStatement.executeUpdate(JdbcPreparedStatement.java:169)
	at com.lab7.dao.FunctionDAO.create(FunctionDAO.java:35)
	at com.lab7.service.FunctionService.createFunction(FunctionService.java:30)
	at com.lab7.servlet.FunctionServlet.doPost(FunctionServlet.java:149)
	at jakarta.servlet.http.HttpServlet.service(HttpServlet.java:520)
	at jakarta.servlet.http.HttpServlet.service(HttpServlet.java:587)
	at org.apache.catalina.core.ApplicationFilterChain.internalDoFilter(ApplicationFilterChain.java:205)
	at org.apache.catalina.core.ApplicationFilterChain.doFilter(ApplicationFilterChain.java:149)
	at org.apache.tomcat.websocket.server.WsFilter.doFilter(WsFilter.java:51)
	at org.apache.catalina.core.ApplicationFilterChain.internalDoFilter(ApplicationFilterChain.java:174)
	at org.apache.catalina.core.ApplicationFilterChain.doFilter(ApplicationFilterChain.java:149)
	at com.lab7.servlet.BasicAuthServlet.doFilter(BasicAuthServlet.java:92)
	at org.apache.catalina.core.ApplicationFilterChain.internalDoFilter(ApplicationFilterChain.java:174)
	at org.apache.catalina.core.ApplicationFilterChain.doFilter(ApplicationFilterChain.java:149)
	at org.springframework.web.filter.RequestContextFilter.doFilterInternal(RequestContextFilter.java:100)
	at org.springframework.web.filter.OncePerRequestFilter.doFilter(OncePerRequestFilter.java:116)
	at org.apache.catalina.core.ApplicationFilterChain.internalDoFilter(ApplicationFilterChain.java:174)
	at org.apache.catalina.core.ApplicationFilterChain.doFilter(ApplicationFilterChain.java:149)
	at org.springframework.web.filter.FormContentFilter.doFilterInternal(FormContentFilter.java:93)
	at org.springframework.web.filter.OncePerRequestFilter.doFilter(OncePerRequestFilter.java:116)
	at org.apache.catalina.core.ApplicationFilterChain.internalDoFilter(ApplicationFilterChain.java:174)
	at org.apache.catalina.core.ApplicationFilterChain.doFilter(ApplicationFilterChain.java:149)
	at org.springframework.web.filter.CharacterEncodingFilter.doFilterInternal(CharacterEncodingFilter.java:201)
	at org.springframework.web.filter.OncePerRequestFilter.doFilter(OncePerRequestFilter.java:116)
	at org.apache.catalina.core.ApplicationFilterChain.internalDoFilter(ApplicationFilterChain.java:174)
	at org.apache.catalina.core.ApplicationFilterChain.doFilter(ApplicationFilterChain.java:149)
	at org.apache.catalina.core.StandardWrapperValve.invoke(StandardWrapperValve.java:167)
	at org.apache.catalina.core.StandardContextValve.invoke(StandardContextValve.java:90)
	at org.apache.catalina.authenticator.AuthenticatorBase.invoke(AuthenticatorBase.java:482)
	at org.apache.catalina.core.StandardHostValve.invoke(StandardHostValve.java:115)
	at org.apache.catalina.valves.ErrorReportValve.invoke(ErrorReportValve.java:93)
	at org.apache.catalina.core.StandardEngineValve.invoke(StandardEngineValve.java:74)
	at org.apache.catalina.connector.CoyoteAdapter.service(CoyoteAdapter.java:340)
	at org.apache.coyote.http11.Http11Processor.service(Http11Processor.java:391)
	at org.apache.coyote.AbstractProcessorLight.process(AbstractProcessorLight.java:63)
	at org.apache.coyote.AbstractProtocol$ConnectionHandler.process(AbstractProtocol.java:896)
	at org.apache.tomcat.util.net.NioEndpoint$SocketProcessor.doRun(NioEndpoint.java:1744)
	at org.apache.tomcat.util.net.SocketProcessorBase.run(SocketProcessorBase.java:52)
	at org.apache.tomcat.util.threads.ThreadPoolExecutor.runWorker(ThreadPoolExecutor.java:1191)
	at org.apache.tomcat.util.threads.ThreadPoolExecutor$Worker.run(ThreadPoolExecutor.java:659)
	at org.apache.tomcat.util.threads.TaskThread$WrappingRunnable.run(TaskThread.java:61)
	at java.base/java.lang.Thread.run(Thread.java:1474)
2025-12-23 15:49:37 [http-nio-8080-exec-8] INFO  com.lab7.service.FunctionService - Начинаю создание функции с name=Квадратичная (SqrFunction)
2025-12-23 15:49:37 [http-nio-8080-exec-8] ERROR com.lab7.service.FunctionService - Ошибка при создании функции с name=Квадратичная (SqrFunction)
2025-12-23 15:49:37 [http-nio-8080-exec-8] ERROR com.lab7.servlet.FunctionServlet - Ошибка в doPost
org.h2.jdbc.JdbcSQLIntegrityConstraintViolationException: Нарушение ограничения: "CONSTRAINT_9D: "
Check constraint violation: "CONSTRAINT_9D: "; SQL statement:
INSERT INTO functions (name, type, owner_id) VALUES (?, ?, ?) [23513-214]
	at org.h2.message.DbException.getJdbcSQLException(DbException.java:508)
	at org.h2.message.DbException.getJdbcSQLException(DbException.java:477)
	at org.h2.message.DbException.get(DbException.java:223)
	at org.h2.message.DbException.get(DbException.java:199)
	at org.h2.constraint.ConstraintCheck.checkRow(ConstraintCheck.java:110)
	at org.h2.table.Table.fireConstraints(Table.java:1172)
	at org.h2.table.Table.fireBeforeRow(Table.java:1163)
	at org.h2.command.dml.Insert.insertRows(Insert.java:171)
	at org.h2.command.dml.Insert.update(Insert.java:135)
	at org.h2.command.CommandContainer.executeUpdateWithGeneratedKeys(CommandContainer.java:242)
	at org.h2.command.CommandContainer.update(CommandContainer.java:163)
	at org.h2.command.Command.executeUpdate(Command.java:252)
	at org.h2.jdbc.JdbcPreparedStatement.executeUpdateInternal(JdbcPreparedStatement.java:209)
	at org.h2.jdbc.JdbcPreparedStatement.executeUpdate(JdbcPreparedStatement.java:169)
	at com.lab7.dao.FunctionDAO.create(FunctionDAO.java:35)
	at com.lab7.service.FunctionService.createFunction(FunctionService.java:30)
	at com.lab7.servlet.FunctionServlet.doPost(FunctionServlet.java:149)
	at jakarta.servlet.http.HttpServlet.service(HttpServlet.java:520)
	at jakarta.servlet.http.HttpServlet.service(HttpServlet.java:587)
	at org.apache.catalina.core.ApplicationFilterChain.internalDoFilter(ApplicationFilterChain.java:205)
	at org.apache.catalina.core.ApplicationFilterChain.doFilter(ApplicationFilterChain.java:149)
	at org.apache.tomcat.websocket.server.WsFilter.doFilter(WsFilter.java:51)
	at org.apache.catalina.core.ApplicationFilterChain.internalDoFilter(ApplicationFilterChain.java:174)
	at org.apache.catalina.core.ApplicationFilterChain.doFilter(ApplicationFilterChain.java:149)
	at com.lab7.servlet.BasicAuthServlet.doFilter(BasicAuthServlet.java:92)
	at org.apache.catalina.core.ApplicationFilterChain.internalDoFilter(ApplicationFilterChain.java:174)
	at org.apache.catalina.core.ApplicationFilterChain.doFilter(ApplicationFilterChain.java:149)
	at org.springframework.web.filter.RequestContextFilter.doFilterInternal(RequestContextFilter.java:100)
	at org.springframework.web.filter.OncePerRequestFilter.doFilter(OncePerRequestFilter.java:116)
	at org.apache.catalina.core.ApplicationFilterChain.internalDoFilter(ApplicationFilterChain.java:174)
	at org.apache.catalina.core.ApplicationFilterChain.doFilter(ApplicationFilterChain.java:149)
	at org.springframework.web.filter.FormContentFilter.doFilterInternal(FormContentFilter.java:93)
	at org.springframework.web.filter.OncePerRequestFilter.doFilter(OncePerRequestFilter.java:116)
	at org.apache.catalina.core.ApplicationFilterChain.internalDoFilter(ApplicationFilterChain.java:174)
	at org.apache.catalina.core.ApplicationFilterChain.doFilter(ApplicationFilterChain.java:149)
	at org.springframework.web.filter.CharacterEncodingFilter.doFilterInternal(CharacterEncodingFilter.java:201)
	at org.springframework.web.filter.OncePerRequestFilter.doFilter(OncePerRequestFilter.java:116)
	at org.apache.catalina.core.ApplicationFilterChain.internalDoFilter(ApplicationFilterChain.java:174)
	at org.apache.catalina.core.ApplicationFilterChain.doFilter(ApplicationFilterChain.java:149)
	at org.apache.catalina.core.StandardWrapperValve.invoke(StandardWrapperValve.java:167)
	at org.apache.catalina.core.StandardContextValve.invoke(StandardContextValve.java:90)
	at org.apache.catalina.authenticator.AuthenticatorBase.invoke(AuthenticatorBase.java:482)
	at org.apache.catalina.core.StandardHostValve.invoke(StandardHostValve.java:115)
	at org.apache.catalina.valves.ErrorReportValve.invoke(ErrorReportValve.java:93)
	at org.apache.catalina.core.StandardEngineValve.invoke(StandardEngineValve.java:74)
	at org.apache.catalina.connector.CoyoteAdapter.service(CoyoteAdapter.java:340)
	at org.apache.coyote.http11.Http11Processor.service(Http11Processor.java:391)
	at org.apache.coyote.AbstractProcessorLight.process(AbstractProcessorLight.java:63)
	at org.apache.coyote.AbstractProtocol$ConnectionHandler.process(AbstractProtocol.java:896)
	at org.apache.tomcat.util.net.NioEndpoint$SocketProcessor.doRun(NioEndpoint.java:1744)
	at org.apache.tomcat.util.net.SocketProcessorBase.run(SocketProcessorBase.java:52)
	at org.apache.tomcat.util.threads.ThreadPoolExecutor.runWorker(ThreadPoolExecutor.java:1191)
	at org.apache.tomcat.util.threads.ThreadPoolExecutor$Worker.run(ThreadPoolExecutor.java:659)
	at org.apache.tomcat.util.threads.TaskThread$WrappingRunnable.run(TaskThread.java:61)
	at java.base/java.lang.Thread.run(Thread.java:1474)
2025-12-23 15:49:37 [http-nio-8080-exec-7] INFO  com.lab7.service.FunctionService - Начинаю создание функции с name=Синус (SinFunction)
2025-12-23 15:49:37 [http-nio-8080-exec-7] ERROR com.lab7.service.FunctionService - Ошибка при создании функции с name=Синус (SinFunction)
2025-12-23 15:49:37 [http-nio-8080-exec-7] ERROR com.lab7.servlet.FunctionServlet - Ошибка в doPost
org.h2.jdbc.JdbcSQLIntegrityConstraintViolationException: Нарушение ограничения: "CONSTRAINT_9D: "
Check constraint violation: "CONSTRAINT_9D: "; SQL statement:
INSERT INTO functions (name, type, owner_id) VALUES (?, ?, ?) [23513-214]
	at org.h2.message.DbException.getJdbcSQLException(DbException.java:508)
	at org.h2.message.DbException.getJdbcSQLException(DbException.java:477)
	at org.h2.message.DbException.get(DbException.java:223)
	at org.h2.message.DbException.get(DbException.java:199)
	at org.h2.constraint.ConstraintCheck.checkRow(ConstraintCheck.java:110)
	at org.h2.table.Table.fireConstraints(Table.java:1172)
	at org.h2.table.Table.fireBeforeRow(Table.java:1163)
	at org.h2.command.dml.Insert.insertRows(Insert.java:171)
	at org.h2.command.dml.Insert.update(Insert.java:135)
	at org.h2.command.CommandContainer.executeUpdateWithGeneratedKeys(CommandContainer.java:242)
	at org.h2.command.CommandContainer.update(CommandContainer.java:163)
	at org.h2.command.Command.executeUpdate(Command.java:252)
	at org.h2.jdbc.JdbcPreparedStatement.executeUpdateInternal(JdbcPreparedStatement.java:209)
	at org.h2.jdbc.JdbcPreparedStatement.executeUpdate(JdbcPreparedStatement.java:169)
	at com.lab7.dao.FunctionDAO.create(FunctionDAO.java:35)
	at com.lab7.service.FunctionService.createFunction(FunctionService.java:30)
	at com.lab7.servlet.FunctionServlet.doPost(FunctionServlet.java:149)
	at jakarta.servlet.http.HttpServlet.service(HttpServlet.java:520)
	at jakarta.servlet.http.HttpServlet.service(HttpServlet.java:587)
	at org.apache.catalina.core.ApplicationFilterChain.internalDoFilter(ApplicationFilterChain.java:205)
	at org.apache.catalina.core.ApplicationFilterChain.doFilter(ApplicationFilterChain.java:149)
	at org.apache.tomcat.websocket.server.WsFilter.doFilter(WsFilter.java:51)
	at org.apache.catalina.core.ApplicationFilterChain.internalDoFilter(ApplicationFilterChain.java:174)
	at org.apache.catalina.core.ApplicationFilterChain.doFilter(ApplicationFilterChain.java:149)
	at com.lab7.servlet.BasicAuthServlet.doFilter(BasicAuthServlet.java:92)
	at org.apache.catalina.core.ApplicationFilterChain.internalDoFilter(ApplicationFilterChain.java:174)
	at org.apache.catalina.core.ApplicationFilterChain.doFilter(ApplicationFilterChain.java:149)
	at org.springframework.web.filter.RequestContextFilter.doFilterInternal(RequestContextFilter.java:100)
	at org.springframework.web.filter.OncePerRequestFilter.doFilter(OncePerRequestFilter.java:116)
	at org.apache.catalina.core.ApplicationFilterChain.internalDoFilter(ApplicationFilterChain.java:174)
	at org.apache.catalina.core.ApplicationFilterChain.doFilter(ApplicationFilterChain.java:149)
	at org.springframework.web.filter.FormContentFilter.doFilterInternal(FormContentFilter.java:93)
	at org.springframework.web.filter.OncePerRequestFilter.doFilter(OncePerRequestFilter.java:116)
	at org.apache.catalina.core.ApplicationFilterChain.internalDoFilter(ApplicationFilterChain.java:174)
	at org.apache.catalina.core.ApplicationFilterChain.doFilter(ApplicationFilterChain.java:149)
	at org.springframework.web.filter.CharacterEncodingFilter.doFilterInternal(CharacterEncodingFilter.java:201)
	at org.springframework.web.filter.OncePerRequestFilter.doFilter(OncePerRequestFilter.java:116)
	at org.apache.catalina.core.ApplicationFilterChain.internalDoFilter(ApplicationFilterChain.java:174)
	at org.apache.catalina.core.ApplicationFilterChain.doFilter(ApplicationFilterChain.java:149)
	at org.apache.catalina.core.StandardWrapperValve.invoke(StandardWrapperValve.java:167)
	at org.apache.catalina.core.StandardContextValve.invoke(StandardContextValve.java:90)
	at org.apache.catalina.authenticator.AuthenticatorBase.invoke(AuthenticatorBase.java:482)
	at org.apache.catalina.core.StandardHostValve.invoke(StandardHostValve.java:115)
	at org.apache.catalina.valves.ErrorReportValve.invoke(ErrorReportValve.java:93)
	at org.apache.catalina.core.StandardEngineValve.invoke(StandardEngineValve.java:74)
	at org.apache.catalina.connector.CoyoteAdapter.service(CoyoteAdapter.java:340)
	at org.apache.coyote.http11.Http11Processor.service(Http11Processor.java:391)
	at org.apache.coyote.AbstractProcessorLight.process(AbstractProcessorLight.java:63)
	at org.apache.coyote.AbstractProtocol$ConnectionHandler.process(AbstractProtocol.java:896)
	at org.apache.tomcat.util.net.NioEndpoint$SocketProcessor.doRun(NioEndpoint.java:1744)
	at org.apache.tomcat.util.net.SocketProcessorBase.run(SocketProcessorBase.java:52)
	at org.apache.tomcat.util.threads.ThreadPoolExecutor.runWorker(ThreadPoolExecutor.java:1191)
	at org.apache.tomcat.util.threads.ThreadPoolExecutor$Worker.run(ThreadPoolExecutor.java:659)
	at org.apache.tomcat.util.threads.TaskThread$WrappingRunnable.run(TaskThread.java:61)
	at java.base/java.lang.Thread.run(Thread.java:1474)
2025-12-23 15:49:38 [http-nio-8080-exec-9] INFO  com.lab7.service.FunctionService - Начинаю создание функции с name=Нулевая (ZeroFunction)
2025-12-23 15:49:38 [http-nio-8080-exec-9] ERROR com.lab7.service.FunctionService - Ошибка при создании функции с name=Нулевая (ZeroFunction)
2025-12-23 15:49:38 [http-nio-8080-exec-9] ERROR com.lab7.servlet.FunctionServlet - Ошибка в doPost
org.h2.jdbc.JdbcSQLIntegrityConstraintViolationException: Нарушение ограничения: "CONSTRAINT_9D: "
Check constraint violation: "CONSTRAINT_9D: "; SQL statement:
INSERT INTO functions (name, type, owner_id) VALUES (?, ?, ?) [23513-214]
	at org.h2.message.DbException.getJdbcSQLException(DbException.java:508)
	at org.h2.message.DbException.getJdbcSQLException(DbException.java:477)
	at org.h2.message.DbException.get(DbException.java:223)
	at org.h2.message.DbException.get(DbException.java:199)
	at org.h2.constraint.ConstraintCheck.checkRow(ConstraintCheck.java:110)
	at org.h2.table.Table.fireConstraints(Table.java:1172)
	at org.h2.table.Table.fireBeforeRow(Table.java:1163)
	at org.h2.command.dml.Insert.insertRows(Insert.java:171)
	at org.h2.command.dml.Insert.update(Insert.java:135)
	at org.h2.command.CommandContainer.executeUpdateWithGeneratedKeys(CommandContainer.java:242)
	at org.h2.command.CommandContainer.update(CommandContainer.java:163)
	at org.h2.command.Command.executeUpdate(Command.java:252)
	at org.h2.jdbc.JdbcPreparedStatement.executeUpdateInternal(JdbcPreparedStatement.java:209)
	at org.h2.jdbc.JdbcPreparedStatement.executeUpdate(JdbcPreparedStatement.java:169)
	at com.lab7.dao.FunctionDAO.create(FunctionDAO.java:35)
	at com.lab7.service.FunctionService.createFunction(FunctionService.java:30)
	at com.lab7.servlet.FunctionServlet.doPost(FunctionServlet.java:149)
	at jakarta.servlet.http.HttpServlet.service(HttpServlet.java:520)
	at jakarta.servlet.http.HttpServlet.service(HttpServlet.java:587)
	at org.apache.catalina.core.ApplicationFilterChain.internalDoFilter(ApplicationFilterChain.java:205)
	at org.apache.catalina.core.ApplicationFilterChain.doFilter(ApplicationFilterChain.java:149)
	at org.apache.tomcat.websocket.server.WsFilter.doFilter(WsFilter.java:51)
	at org.apache.catalina.core.ApplicationFilterChain.internalDoFilter(ApplicationFilterChain.java:174)
	at org.apache.catalina.core.ApplicationFilterChain.doFilter(ApplicationFilterChain.java:149)
	at com.lab7.servlet.BasicAuthServlet.doFilter(BasicAuthServlet.java:92)
	at org.apache.catalina.core.ApplicationFilterChain.internalDoFilter(ApplicationFilterChain.java:174)
	at org.apache.catalina.core.ApplicationFilterChain.doFilter(ApplicationFilterChain.java:149)
	at org.springframework.web.filter.RequestContextFilter.doFilterInternal(RequestContextFilter.java:100)
	at org.springframework.web.filter.OncePerRequestFilter.doFilter(OncePerRequestFilter.java:116)
	at org.apache.catalina.core.ApplicationFilterChain.internalDoFilter(ApplicationFilterChain.java:174)
	at org.apache.catalina.core.ApplicationFilterChain.doFilter(ApplicationFilterChain.java:149)
	at org.springframework.web.filter.FormContentFilter.doFilterInternal(FormContentFilter.java:93)
	at org.springframework.web.filter.OncePerRequestFilter.doFilter(OncePerRequestFilter.java:116)
	at org.apache.catalina.core.ApplicationFilterChain.internalDoFilter(ApplicationFilterChain.java:174)
	at org.apache.catalina.core.ApplicationFilterChain.doFilter(ApplicationFilterChain.java:149)
	at org.springframework.web.filter.CharacterEncodingFilter.doFilterInternal(CharacterEncodingFilter.java:201)
	at org.springframework.web.filter.OncePerRequestFilter.doFilter(OncePerRequestFilter.java:116)
	at org.apache.catalina.core.ApplicationFilterChain.internalDoFilter(ApplicationFilterChain.java:174)
	at org.apache.catalina.core.ApplicationFilterChain.doFilter(ApplicationFilterChain.java:149)
	at org.apache.catalina.core.StandardWrapperValve.invoke(StandardWrapperValve.java:167)
	at org.apache.catalina.core.StandardContextValve.invoke(StandardContextValve.java:90)
	at org.apache.catalina.authenticator.AuthenticatorBase.invoke(AuthenticatorBase.java:482)
	at org.apache.catalina.core.StandardHostValve.invoke(StandardHostValve.java:115)
	at org.apache.catalina.valves.ErrorReportValve.invoke(ErrorReportValve.java:93)
	at org.apache.catalina.core.StandardEngineValve.invoke(StandardEngineValve.java:74)
	at org.apache.catalina.connector.CoyoteAdapter.service(CoyoteAdapter.java:340)
	at org.apache.coyote.http11.Http11Processor.service(Http11Processor.java:391)
	at org.apache.coyote.AbstractProcessorLight.process(AbstractProcessorLight.java:63)
	at org.apache.coyote.AbstractProtocol$ConnectionHandler.process(AbstractProtocol.java:896)
	at org.apache.tomcat.util.net.NioEndpoint$SocketProcessor.doRun(NioEndpoint.java:1744)
	at org.apache.tomcat.util.net.SocketProcessorBase.run(SocketProcessorBase.java:52)
	at org.apache.tomcat.util.threads.ThreadPoolExecutor.runWorker(ThreadPoolExecutor.java:1191)
	at org.apache.tomcat.util.threads.ThreadPoolExecutor$Worker.run(ThreadPoolExecutor.java:659)
	at org.apache.tomcat.util.threads.TaskThread$WrappingRunnable.run(TaskThread.java:61)
	at java.base/java.lang.Thread.run(Thread.java:1474)
2025-12-23 15:49:38 [http-nio-8080-exec-10] INFO  com.lab7.service.FunctionService - Начинаю создание функции с name=Единичная (UnitFunction)
2025-12-23 15:49:38 [http-nio-8080-exec-10] ERROR com.lab7.service.FunctionService - Ошибка при создании функции с name=Единичная (UnitFunction)
2025-12-23 15:49:38 [http-nio-8080-exec-10] ERROR com.lab7.servlet.FunctionServlet - Ошибка в doPost
org.h2.jdbc.JdbcSQLIntegrityConstraintViolationException: Нарушение ограничения: "CONSTRAINT_9D: "
Check constraint violation: "CONSTRAINT_9D: "; SQL statement:
INSERT INTO functions (name, type, owner_id) VALUES (?, ?, ?) [23513-214]
	at org.h2.message.DbException.getJdbcSQLException(DbException.java:508)
	at org.h2.message.DbException.getJdbcSQLException(DbException.java:477)
	at org.h2.message.DbException.get(DbException.java:223)
	at org.h2.message.DbException.get(DbException.java:199)
	at org.h2.constraint.ConstraintCheck.checkRow(ConstraintCheck.java:110)
	at org.h2.table.Table.fireConstraints(Table.java:1172)
	at org.h2.table.Table.fireBeforeRow(Table.java:1163)
	at org.h2.command.dml.Insert.insertRows(Insert.java:171)
	at org.h2.command.dml.Insert.update(Insert.java:135)
	at org.h2.command.CommandContainer.executeUpdateWithGeneratedKeys(CommandContainer.java:242)
	at org.h2.command.CommandContainer.update(CommandContainer.java:163)
	at org.h2.command.Command.executeUpdate(Command.java:252)
	at org.h2.jdbc.JdbcPreparedStatement.executeUpdateInternal(JdbcPreparedStatement.java:209)
	at org.h2.jdbc.JdbcPreparedStatement.executeUpdate(JdbcPreparedStatement.java:169)
	at com.lab7.dao.FunctionDAO.create(FunctionDAO.java:35)
	at com.lab7.service.FunctionService.createFunction(FunctionService.java:30)
	at com.lab7.servlet.FunctionServlet.doPost(FunctionServlet.java:149)
	at jakarta.servlet.http.HttpServlet.service(HttpServlet.java:520)
	at jakarta.servlet.http.HttpServlet.service(HttpServlet.java:587)
	at org.apache.catalina.core.ApplicationFilterChain.internalDoFilter(ApplicationFilterChain.java:205)
	at org.apache.catalina.core.ApplicationFilterChain.doFilter(ApplicationFilterChain.java:149)
	at org.apache.tomcat.websocket.server.WsFilter.doFilter(WsFilter.java:51)
	at org.apache.catalina.core.ApplicationFilterChain.internalDoFilter(ApplicationFilterChain.java:174)
	at org.apache.catalina.core.ApplicationFilterChain.doFilter(ApplicationFilterChain.java:149)
	at com.lab7.servlet.BasicAuthServlet.doFilter(BasicAuthServlet.java:92)
	at org.apache.catalina.core.ApplicationFilterChain.internalDoFilter(ApplicationFilterChain.java:174)
	at org.apache.catalina.core.ApplicationFilterChain.doFilter(ApplicationFilterChain.java:149)
	at org.springframework.web.filter.RequestContextFilter.doFilterInternal(RequestContextFilter.java:100)
	at org.springframework.web.filter.OncePerRequestFilter.doFilter(OncePerRequestFilter.java:116)
	at org.apache.catalina.core.ApplicationFilterChain.internalDoFilter(ApplicationFilterChain.java:174)
	at org.apache.catalina.core.ApplicationFilterChain.doFilter(ApplicationFilterChain.java:149)
	at org.springframework.web.filter.FormContentFilter.doFilterInternal(FormContentFilter.java:93)
	at org.springframework.web.filter.OncePerRequestFilter.doFilter(OncePerRequestFilter.java:116)
	at org.apache.catalina.core.ApplicationFilterChain.internalDoFilter(ApplicationFilterChain.java:174)
	at org.apache.catalina.core.ApplicationFilterChain.doFilter(ApplicationFilterChain.java:149)
	at org.springframework.web.filter.CharacterEncodingFilter.doFilterInternal(CharacterEncodingFilter.java:201)
	at org.springframework.web.filter.OncePerRequestFilter.doFilter(OncePerRequestFilter.java:116)
	at org.apache.catalina.core.ApplicationFilterChain.internalDoFilter(ApplicationFilterChain.java:174)
	at org.apache.catalina.core.ApplicationFilterChain.doFilter(ApplicationFilterChain.java:149)
	at org.apache.catalina.core.StandardWrapperValve.invoke(StandardWrapperValve.java:167)
	at org.apache.catalina.core.StandardContextValve.invoke(StandardContextValve.java:90)
	at org.apache.catalina.authenticator.AuthenticatorBase.invoke(AuthenticatorBase.java:482)
	at org.apache.catalina.core.StandardHostValve.invoke(StandardHostValve.java:115)
	at org.apache.catalina.valves.ErrorReportValve.invoke(ErrorReportValve.java:93)
	at org.apache.catalina.core.StandardEngineValve.invoke(StandardEngineValve.java:74)
	at org.apache.catalina.connector.CoyoteAdapter.service(CoyoteAdapter.java:340)
	at org.apache.coyote.http11.Http11Processor.service(Http11Processor.java:391)
	at org.apache.coyote.AbstractProcessorLight.process(AbstractProcessorLight.java:63)
	at org.apache.coyote.AbstractProtocol$ConnectionHandler.process(AbstractProtocol.java:896)
	at org.apache.tomcat.util.net.NioEndpoint$SocketProcessor.doRun(NioEndpoint.java:1744)
	at org.apache.tomcat.util.net.SocketProcessorBase.run(SocketProcessorBase.java:52)
	at org.apache.tomcat.util.threads.ThreadPoolExecutor.runWorker(ThreadPoolExecutor.java:1191)
	at org.apache.tomcat.util.threads.ThreadPoolExecutor$Worker.run(ThreadPoolExecutor.java:659)
	at org.apache.tomcat.util.threads.TaskThread$WrappingRunnable.run(TaskThread.java:61)
	at java.base/java.lang.Thread.run(Thread.java:1474)
2025-12-23 15:49:38 [http-nio-8080-exec-1] INFO  com.lab7.service.FunctionService - Начинаю создание функции с name=Сдвиг (Identity + 1)
2025-12-23 15:49:38 [http-nio-8080-exec-1] ERROR com.lab7.service.FunctionService - Ошибка при создании функции с name=Сдвиг (Identity + 1)
2025-12-23 15:49:38 [http-nio-8080-exec-1] ERROR com.lab7.servlet.FunctionServlet - Ошибка в doPost
org.h2.jdbc.JdbcSQLIntegrityConstraintViolationException: Нарушение ограничения: "CONSTRAINT_9D: "
Check constraint violation: "CONSTRAINT_9D: "; SQL statement:
INSERT INTO functions (name, type, owner_id) VALUES (?, ?, ?) [23513-214]
	at org.h2.message.DbException.getJdbcSQLException(DbException.java:508)
	at org.h2.message.DbException.getJdbcSQLException(DbException.java:477)
	at org.h2.message.DbException.get(DbException.java:223)
	at org.h2.message.DbException.get(DbException.java:199)
	at org.h2.constraint.ConstraintCheck.checkRow(ConstraintCheck.java:110)
	at org.h2.table.Table.fireConstraints(Table.java:1172)
	at org.h2.table.Table.fireBeforeRow(Table.java:1163)
	at org.h2.command.dml.Insert.insertRows(Insert.java:171)
	at org.h2.command.dml.Insert.update(Insert.java:135)
	at org.h2.command.CommandContainer.executeUpdateWithGeneratedKeys(CommandContainer.java:242)
	at org.h2.command.CommandContainer.update(CommandContainer.java:163)
	at org.h2.command.Command.executeUpdate(Command.java:252)
	at org.h2.jdbc.JdbcPreparedStatement.executeUpdateInternal(JdbcPreparedStatement.java:209)
	at org.h2.jdbc.JdbcPreparedStatement.executeUpdate(JdbcPreparedStatement.java:169)
	at com.lab7.dao.FunctionDAO.create(FunctionDAO.java:35)
	at com.lab7.service.FunctionService.createFunction(FunctionService.java:30)
	at com.lab7.servlet.FunctionServlet.doPost(FunctionServlet.java:149)
	at jakarta.servlet.http.HttpServlet.service(HttpServlet.java:520)
	at jakarta.servlet.http.HttpServlet.service(HttpServlet.java:587)
	at org.apache.catalina.core.ApplicationFilterChain.internalDoFilter(ApplicationFilterChain.java:205)
	at org.apache.catalina.core.ApplicationFilterChain.doFilter(ApplicationFilterChain.java:149)
	at org.apache.tomcat.websocket.server.WsFilter.doFilter(WsFilter.java:51)
	at org.apache.catalina.core.ApplicationFilterChain.internalDoFilter(ApplicationFilterChain.java:174)
	at org.apache.catalina.core.ApplicationFilterChain.doFilter(ApplicationFilterChain.java:149)
	at com.lab7.servlet.BasicAuthServlet.doFilter(BasicAuthServlet.java:92)
	at org.apache.catalina.core.ApplicationFilterChain.internalDoFilter(ApplicationFilterChain.java:174)
	at org.apache.catalina.core.ApplicationFilterChain.doFilter(ApplicationFilterChain.java:149)
	at org.springframework.web.filter.RequestContextFilter.doFilterInternal(RequestContextFilter.java:100)
	at org.springframework.web.filter.OncePerRequestFilter.doFilter(OncePerRequestFilter.java:116)
	at org.apache.catalina.core.ApplicationFilterChain.internalDoFilter(ApplicationFilterChain.java:174)
	at org.apache.catalina.core.ApplicationFilterChain.doFilter(ApplicationFilterChain.java:149)
	at org.springframework.web.filter.FormContentFilter.doFilterInternal(FormContentFilter.java:93)
	at org.springframework.web.filter.OncePerRequestFilter.doFilter(OncePerRequestFilter.java:116)
	at org.apache.catalina.core.ApplicationFilterChain.internalDoFilter(ApplicationFilterChain.java:174)
	at org.apache.catalina.core.ApplicationFilterChain.doFilter(ApplicationFilterChain.java:149)
	at org.springframework.web.filter.CharacterEncodingFilter.doFilterInternal(CharacterEncodingFilter.java:201)
	at org.springframework.web.filter.OncePerRequestFilter.doFilter(OncePerRequestFilter.java:116)
	at org.apache.catalina.core.ApplicationFilterChain.internalDoFilter(ApplicationFilterChain.java:174)
	at org.apache.catalina.core.ApplicationFilterChain.doFilter(ApplicationFilterChain.java:149)
	at org.apache.catalina.core.StandardWrapperValve.invoke(StandardWrapperValve.java:167)
	at org.apache.catalina.core.StandardContextValve.invoke(StandardContextValve.java:90)
	at org.apache.catalina.authenticator.AuthenticatorBase.invoke(AuthenticatorBase.java:482)
	at org.apache.catalina.core.StandardHostValve.invoke(StandardHostValve.java:115)
	at org.apache.catalina.valves.ErrorReportValve.invoke(ErrorReportValve.java:93)
	at org.apache.catalina.core.StandardEngineValve.invoke(StandardEngineValve.java:74)
	at org.apache.catalina.connector.CoyoteAdapter.service(CoyoteAdapter.java:340)
	at org.apache.coyote.http11.Http11Processor.service(Http11Processor.java:391)
	at org.apache.coyote.AbstractProcessorLight.process(AbstractProcessorLight.java:63)
	at org.apache.coyote.AbstractProtocol$ConnectionHandler.process(AbstractProtocol.java:896)
	at org.apache.tomcat.util.net.NioEndpoint$SocketProcessor.doRun(NioEndpoint.java:1744)
	at org.apache.tomcat.util.net.SocketProcessorBase.run(SocketProcessorBase.java:52)
	at org.apache.tomcat.util.threads.ThreadPoolExecutor.runWorker(ThreadPoolExecutor.java:1191)
	at org.apache.tomcat.util.threads.ThreadPoolExecutor$Worker.run(ThreadPoolExecutor.java:659)
	at org.apache.tomcat.util.threads.TaskThread$WrappingRunnable.run(TaskThread.java:61)
	at java.base/java.lang.Thread.run(Thread.java:1474)
2025-12-23 15:49:38 [http-nio-8080-exec-2] INFO  com.lab7.service.FunctionService - Начинаю создание функции с name=Метод Ньютона (MethodNewtonFunction)
2025-12-23 15:49:38 [http-nio-8080-exec-2] ERROR com.lab7.service.FunctionService - Ошибка при создании функции с name=Метод Ньютона (MethodNewtonFunction)
2025-12-23 15:49:38 [http-nio-8080-exec-2] ERROR com.lab7.servlet.FunctionServlet - Ошибка в doPost
org.h2.jdbc.JdbcSQLIntegrityConstraintViolationException: Нарушение ограничения: "CONSTRAINT_9D: "
Check constraint violation: "CONSTRAINT_9D: "; SQL statement:
INSERT INTO functions (name, type, owner_id) VALUES (?, ?, ?) [23513-214]
	at org.h2.message.DbException.getJdbcSQLException(DbException.java:508)
	at org.h2.message.DbException.getJdbcSQLException(DbException.java:477)
	at org.h2.message.DbException.get(DbException.java:223)
	at org.h2.message.DbException.get(DbException.java:199)
	at org.h2.constraint.ConstraintCheck.checkRow(ConstraintCheck.java:110)
	at org.h2.table.Table.fireConstraints(Table.java:1172)
	at org.h2.table.Table.fireBeforeRow(Table.java:1163)
	at org.h2.command.dml.Insert.insertRows(Insert.java:171)
	at org.h2.command.dml.Insert.update(Insert.java:135)
	at org.h2.command.CommandContainer.executeUpdateWithGeneratedKeys(CommandContainer.java:242)
	at org.h2.command.CommandContainer.update(CommandContainer.java:163)
	at org.h2.command.Command.executeUpdate(Command.java:252)
	at org.h2.jdbc.JdbcPreparedStatement.executeUpdateInternal(JdbcPreparedStatement.java:209)
	at org.h2.jdbc.JdbcPreparedStatement.executeUpdate(JdbcPreparedStatement.java:169)
	at com.lab7.dao.FunctionDAO.create(FunctionDAO.java:35)
	at com.lab7.service.FunctionService.createFunction(FunctionService.java:30)
	at com.lab7.servlet.FunctionServlet.doPost(FunctionServlet.java:149)
	at jakarta.servlet.http.HttpServlet.service(HttpServlet.java:520)
	at jakarta.servlet.http.HttpServlet.service(HttpServlet.java:587)
	at org.apache.catalina.core.ApplicationFilterChain.internalDoFilter(ApplicationFilterChain.java:205)
	at org.apache.catalina.core.ApplicationFilterChain.doFilter(ApplicationFilterChain.java:149)
	at org.apache.tomcat.websocket.server.WsFilter.doFilter(WsFilter.java:51)
	at org.apache.catalina.core.ApplicationFilterChain.internalDoFilter(ApplicationFilterChain.java:174)
	at org.apache.catalina.core.ApplicationFilterChain.doFilter(ApplicationFilterChain.java:149)
	at com.lab7.servlet.BasicAuthServlet.doFilter(BasicAuthServlet.java:92)
	at org.apache.catalina.core.ApplicationFilterChain.internalDoFilter(ApplicationFilterChain.java:174)
	at org.apache.catalina.core.ApplicationFilterChain.doFilter(ApplicationFilterChain.java:149)
	at org.springframework.web.filter.RequestContextFilter.doFilterInternal(RequestContextFilter.java:100)
	at org.springframework.web.filter.OncePerRequestFilter.doFilter(OncePerRequestFilter.java:116)
	at org.apache.catalina.core.ApplicationFilterChain.internalDoFilter(ApplicationFilterChain.java:174)
	at org.apache.catalina.core.ApplicationFilterChain.doFilter(ApplicationFilterChain.java:149)
	at org.springframework.web.filter.FormContentFilter.doFilterInternal(FormContentFilter.java:93)
	at org.springframework.web.filter.OncePerRequestFilter.doFilter(OncePerRequestFilter.java:116)
	at org.apache.catalina.core.ApplicationFilterChain.internalDoFilter(ApplicationFilterChain.java:174)
	at org.apache.catalina.core.ApplicationFilterChain.doFilter(ApplicationFilterChain.java:149)
	at org.springframework.web.filter.CharacterEncodingFilter.doFilterInternal(CharacterEncodingFilter.java:201)
	at org.springframework.web.filter.OncePerRequestFilter.doFilter(OncePerRequestFilter.java:116)
	at org.apache.catalina.core.ApplicationFilterChain.internalDoFilter(ApplicationFilterChain.java:174)
	at org.apache.catalina.core.ApplicationFilterChain.doFilter(ApplicationFilterChain.java:149)
	at org.apache.catalina.core.StandardWrapperValve.invoke(StandardWrapperValve.java:167)
	at org.apache.catalina.core.StandardContextValve.invoke(StandardContextValve.java:90)
	at org.apache.catalina.authenticator.AuthenticatorBase.invoke(AuthenticatorBase.java:482)
	at org.apache.catalina.core.StandardHostValve.invoke(StandardHostValve.java:115)
	at org.apache.catalina.valves.ErrorReportValve.invoke(ErrorReportValve.java:93)
	at org.apache.catalina.core.StandardEngineValve.invoke(StandardEngineValve.java:74)
	at org.apache.catalina.connector.CoyoteAdapter.service(CoyoteAdapter.java:340)
	at org.apache.coyote.http11.Http11Processor.service(Http11Processor.java:391)
	at org.apache.coyote.AbstractProcessorLight.process(AbstractProcessorLight.java:63)
	at org.apache.coyote.AbstractProtocol$ConnectionHandler.process(AbstractProtocol.java:896)
	at org.apache.tomcat.util.net.NioEndpoint$SocketProcessor.doRun(NioEndpoint.java:1744)
	at org.apache.tomcat.util.net.SocketProcessorBase.run(SocketProcessorBase.java:52)
	at org.apache.tomcat.util.threads.ThreadPoolExecutor.runWorker(ThreadPoolExecutor.java:1191)
	at org.apache.tomcat.util.threads.ThreadPoolExecutor$Worker.run(ThreadPoolExecutor.java:659)
	at org.apache.tomcat.util.threads.TaskThread$WrappingRunnable.run(TaskThread.java:61)
	at java.base/java.lang.Thread.run(Thread.java:1474)
2025-12-23 15:49:39 [http-nio-8080-exec-3] INFO  com.lab7.service.FunctionService - Начинаю создание функции с name=B-сплайн де Бура (DeBoorFunction)
2025-12-23 15:49:39 [http-nio-8080-exec-3] ERROR com.lab7.service.FunctionService - Ошибка при создании функции с name=B-сплайн де Бура (DeBoorFunction)
2025-12-23 15:49:39 [http-nio-8080-exec-3] ERROR com.lab7.servlet.FunctionServlet - Ошибка в doPost
org.h2.jdbc.JdbcSQLIntegrityConstraintViolationException: Нарушение ограничения: "CONSTRAINT_9D: "
Check constraint violation: "CONSTRAINT_9D: "; SQL statement:
INSERT INTO functions (name, type, owner_id) VALUES (?, ?, ?) [23513-214]
	at org.h2.message.DbException.getJdbcSQLException(DbException.java:508)
	at org.h2.message.DbException.getJdbcSQLException(DbException.java:477)
	at org.h2.message.DbException.get(DbException.java:223)
	at org.h2.message.DbException.get(DbException.java:199)
	at org.h2.constraint.ConstraintCheck.checkRow(ConstraintCheck.java:110)
	at org.h2.table.Table.fireConstraints(Table.java:1172)
	at org.h2.table.Table.fireBeforeRow(Table.java:1163)
	at org.h2.command.dml.Insert.insertRows(Insert.java:171)
	at org.h2.command.dml.Insert.update(Insert.java:135)
	at org.h2.command.CommandContainer.executeUpdateWithGeneratedKeys(CommandContainer.java:242)
	at org.h2.command.CommandContainer.update(CommandContainer.java:163)
	at org.h2.command.Command.executeUpdate(Command.java:252)
	at org.h2.jdbc.JdbcPreparedStatement.executeUpdateInternal(JdbcPreparedStatement.java:209)
	at org.h2.jdbc.JdbcPreparedStatement.executeUpdate(JdbcPreparedStatement.java:169)
	at com.lab7.dao.FunctionDAO.create(FunctionDAO.java:35)
	at com.lab7.service.FunctionService.createFunction(FunctionService.java:30)
	at com.lab7.servlet.FunctionServlet.doPost(FunctionServlet.java:149)
	at jakarta.servlet.http.HttpServlet.service(HttpServlet.java:520)
	at jakarta.servlet.http.HttpServlet.service(HttpServlet.java:587)
	at org.apache.catalina.core.ApplicationFilterChain.internalDoFilter(ApplicationFilterChain.java:205)
	at org.apache.catalina.core.ApplicationFilterChain.doFilter(ApplicationFilterChain.java:149)
	at org.apache.tomcat.websocket.server.WsFilter.doFilter(WsFilter.java:51)
	at org.apache.catalina.core.ApplicationFilterChain.internalDoFilter(ApplicationFilterChain.java:174)
	at org.apache.catalina.core.ApplicationFilterChain.doFilter(ApplicationFilterChain.java:149)
	at com.lab7.servlet.BasicAuthServlet.doFilter(BasicAuthServlet.java:92)
	at org.apache.catalina.core.ApplicationFilterChain.internalDoFilter(ApplicationFilterChain.java:174)
	at org.apache.catalina.core.ApplicationFilterChain.doFilter(ApplicationFilterChain.java:149)
	at org.springframework.web.filter.RequestContextFilter.doFilterInternal(RequestContextFilter.java:100)
	at org.springframework.web.filter.OncePerRequestFilter.doFilter(OncePerRequestFilter.java:116)
	at org.apache.catalina.core.ApplicationFilterChain.internalDoFilter(ApplicationFilterChain.java:174)
	at org.apache.catalina.core.ApplicationFilterChain.doFilter(ApplicationFilterChain.java:149)
	at org.springframework.web.filter.FormContentFilter.doFilterInternal(FormContentFilter.java:93)
	at org.springframework.web.filter.OncePerRequestFilter.doFilter(OncePerRequestFilter.java:116)
	at org.apache.catalina.core.ApplicationFilterChain.internalDoFilter(ApplicationFilterChain.java:174)
	at org.apache.catalina.core.ApplicationFilterChain.doFilter(ApplicationFilterChain.java:149)
	at org.springframework.web.filter.CharacterEncodingFilter.doFilterInternal(CharacterEncodingFilter.java:201)
	at org.springframework.web.filter.OncePerRequestFilter.doFilter(OncePerRequestFilter.java:116)
	at org.apache.catalina.core.ApplicationFilterChain.internalDoFilter(ApplicationFilterChain.java:174)
	at org.apache.catalina.core.ApplicationFilterChain.doFilter(ApplicationFilterChain.java:149)
	at org.apache.catalina.core.StandardWrapperValve.invoke(StandardWrapperValve.java:167)
	at org.apache.catalina.core.StandardContextValve.invoke(StandardContextValve.java:90)
	at org.apache.catalina.authenticator.AuthenticatorBase.invoke(AuthenticatorBase.java:482)
	at org.apache.catalina.core.StandardHostValve.invoke(StandardHostValve.java:115)
	at org.apache.catalina.valves.ErrorReportValve.invoke(ErrorReportValve.java:93)
	at org.apache.catalina.core.StandardEngineValve.invoke(StandardEngineValve.java:74)
	at org.apache.catalina.connector.CoyoteAdapter.service(CoyoteAdapter.java:340)
	at org.apache.coyote.http11.Http11Processor.service(Http11Processor.java:391)
	at org.apache.coyote.AbstractProcessorLight.process(AbstractProcessorLight.java:63)
	at org.apache.coyote.AbstractProtocol$ConnectionHandler.process(AbstractProtocol.java:896)
	at org.apache.tomcat.util.net.NioEndpoint$SocketProcessor.doRun(NioEndpoint.java:1744)
	at org.apache.tomcat.util.net.SocketProcessorBase.run(SocketProcessorBase.java:52)
	at org.apache.tomcat.util.threads.ThreadPoolExecutor.runWorker(ThreadPoolExecutor.java:1191)
	at org.apache.tomcat.util.threads.ThreadPoolExecutor$Worker.run(ThreadPoolExecutor.java:659)
	at org.apache.tomcat.util.threads.TaskThread$WrappingRunnable.run(TaskThread.java:61)
	at java.base/java.lang.Thread.run(Thread.java:1474)
2025-12-23 15:49:39 [http-nio-8080-exec-4] INFO  com.lab7.service.FunctionService - Получение функции по по нескольким полям с сортировкой.
2025-12-23 15:50:21 [http-nio-8080-exec-5] INFO  com.lab7.service.FunctionService - Начинаю создание функции с name=f(x)
2025-12-23 15:50:21 [http-nio-8080-exec-5] ERROR com.lab7.service.FunctionService - Ошибка при создании функции с name=f(x)
2025-12-23 15:50:21 [http-nio-8080-exec-5] ERROR com.lab7.servlet.FunctionServlet - Ошибка в doPost
org.h2.jdbc.JdbcSQLIntegrityConstraintViolationException: Нарушение ограничения: "CONSTRAINT_9D: "
Check constraint violation: "CONSTRAINT_9D: "; SQL statement:
INSERT INTO functions (name, type, owner_id) VALUES (?, ?, ?) [23513-214]
	at org.h2.message.DbException.getJdbcSQLException(DbException.java:508)
	at org.h2.message.DbException.getJdbcSQLException(DbException.java:477)
	at org.h2.message.DbException.get(DbException.java:223)
	at org.h2.message.DbException.get(DbException.java:199)
	at org.h2.constraint.ConstraintCheck.checkRow(ConstraintCheck.java:110)
	at org.h2.table.Table.fireConstraints(Table.java:1172)
	at org.h2.table.Table.fireBeforeRow(Table.java:1163)
	at org.h2.command.dml.Insert.insertRows(Insert.java:171)
	at org.h2.command.dml.Insert.update(Insert.java:135)
	at org.h2.command.CommandContainer.executeUpdateWithGeneratedKeys(CommandContainer.java:242)
	at org.h2.command.CommandContainer.update(CommandContainer.java:163)
	at org.h2.command.Command.executeUpdate(Command.java:252)
	at org.h2.jdbc.JdbcPreparedStatement.executeUpdateInternal(JdbcPreparedStatement.java:209)
	at org.h2.jdbc.JdbcPreparedStatement.executeUpdate(JdbcPreparedStatement.java:169)
	at com.lab7.dao.FunctionDAO.create(FunctionDAO.java:35)
	at com.lab7.service.FunctionService.createFunction(FunctionService.java:30)
	at com.lab7.servlet.FunctionServlet.doPost(FunctionServlet.java:149)
	at jakarta.servlet.http.HttpServlet.service(HttpServlet.java:520)
	at jakarta.servlet.http.HttpServlet.service(HttpServlet.java:587)
	at org.apache.catalina.core.ApplicationFilterChain.internalDoFilter(ApplicationFilterChain.java:205)
	at org.apache.catalina.core.ApplicationFilterChain.doFilter(ApplicationFilterChain.java:149)
	at org.apache.tomcat.websocket.server.WsFilter.doFilter(WsFilter.java:51)
	at org.apache.catalina.core.ApplicationFilterChain.internalDoFilter(ApplicationFilterChain.java:174)
	at org.apache.catalina.core.ApplicationFilterChain.doFilter(ApplicationFilterChain.java:149)
	at com.lab7.servlet.BasicAuthServlet.doFilter(BasicAuthServlet.java:92)
	at org.apache.catalina.core.ApplicationFilterChain.internalDoFilter(ApplicationFilterChain.java:174)
	at org.apache.catalina.core.ApplicationFilterChain.doFilter(ApplicationFilterChain.java:149)
	at org.springframework.web.filter.RequestContextFilter.doFilterInternal(RequestContextFilter.java:100)
	at org.springframework.web.filter.OncePerRequestFilter.doFilter(OncePerRequestFilter.java:116)
	at org.apache.catalina.core.ApplicationFilterChain.internalDoFilter(ApplicationFilterChain.java:174)
	at org.apache.catalina.core.ApplicationFilterChain.doFilter(ApplicationFilterChain.java:149)
	at org.springframework.web.filter.FormContentFilter.doFilterInternal(FormContentFilter.java:93)
	at org.springframework.web.filter.OncePerRequestFilter.doFilter(OncePerRequestFilter.java:116)
	at org.apache.catalina.core.ApplicationFilterChain.internalDoFilter(ApplicationFilterChain.java:174)
	at org.apache.catalina.core.ApplicationFilterChain.doFilter(ApplicationFilterChain.java:149)
	at org.springframework.web.filter.CharacterEncodingFilter.doFilterInternal(CharacterEncodingFilter.java:201)
	at org.springframework.web.filter.OncePerRequestFilter.doFilter(OncePerRequestFilter.java:116)
	at org.apache.catalina.core.ApplicationFilterChain.internalDoFilter(ApplicationFilterChain.java:174)
	at org.apache.catalina.core.ApplicationFilterChain.doFilter(ApplicationFilterChain.java:149)
	at org.apache.catalina.core.StandardWrapperValve.invoke(StandardWrapperValve.java:167)
	at org.apache.catalina.core.StandardContextValve.invoke(StandardContextValve.java:90)
	at org.apache.catalina.authenticator.AuthenticatorBase.invoke(AuthenticatorBase.java:482)
	at org.apache.catalina.core.StandardHostValve.invoke(StandardHostValve.java:115)
	at org.apache.catalina.valves.ErrorReportValve.invoke(ErrorReportValve.java:93)
	at org.apache.catalina.core.StandardEngineValve.invoke(StandardEngineValve.java:74)
	at org.apache.catalina.connector.CoyoteAdapter.service(CoyoteAdapter.java:340)
	at org.apache.coyote.http11.Http11Processor.service(Http11Processor.java:391)
	at org.apache.coyote.AbstractProcessorLight.process(AbstractProcessorLight.java:63)
	at org.apache.coyote.AbstractProtocol$ConnectionHandler.process(AbstractProtocol.java:896)
	at org.apache.tomcat.util.net.NioEndpoint$SocketProcessor.doRun(NioEndpoint.java:1744)
	at org.apache.tomcat.util.net.SocketProcessorBase.run(SocketProcessorBase.java:52)
	at org.apache.tomcat.util.threads.ThreadPoolExecutor.runWorker(ThreadPoolExecutor.java:1191)
	at org.apache.tomcat.util.threads.ThreadPoolExecutor$Worker.run(ThreadPoolExecutor.java:659)
	at org.apache.tomcat.util.threads.TaskThread$WrappingRunnable.run(TaskThread.java:61)
	at java.base/java.lang.Thread.run(Thread.java:1474)
2025-12-23 15:51:11 [http-nio-8080-exec-6] INFO  com.lab7.service.FunctionService - Начинаю создание функции с name=b(x)
2025-12-23 15:51:11 [http-nio-8080-exec-6] ERROR com.lab7.service.FunctionService - Ошибка при создании функции с name=b(x)
2025-12-23 15:51:11 [http-nio-8080-exec-6] ERROR com.lab7.servlet.FunctionServlet - Ошибка в doPost
org.h2.jdbc.JdbcSQLIntegrityConstraintViolationException: Нарушение ограничения: "CONSTRAINT_9D: "
Check constraint violation: "CONSTRAINT_9D: "; SQL statement:
INSERT INTO functions (name, type, owner_id) VALUES (?, ?, ?) [23513-214]
	at org.h2.message.DbException.getJdbcSQLException(DbException.java:508)
	at org.h2.message.DbException.getJdbcSQLException(DbException.java:477)
	at org.h2.message.DbException.get(DbException.java:223)
	at org.h2.message.DbException.get(DbException.java:199)
	at org.h2.constraint.ConstraintCheck.checkRow(ConstraintCheck.java:110)
	at org.h2.table.Table.fireConstraints(Table.java:1172)
	at org.h2.table.Table.fireBeforeRow(Table.java:1163)
	at org.h2.command.dml.Insert.insertRows(Insert.java:171)
	at org.h2.command.dml.Insert.update(Insert.java:135)
	at org.h2.command.CommandContainer.executeUpdateWithGeneratedKeys(CommandContainer.java:242)
	at org.h2.command.CommandContainer.update(CommandContainer.java:163)
	at org.h2.command.Command.executeUpdate(Command.java:252)
	at org.h2.jdbc.JdbcPreparedStatement.executeUpdateInternal(JdbcPreparedStatement.java:209)
	at org.h2.jdbc.JdbcPreparedStatement.executeUpdate(JdbcPreparedStatement.java:169)
	at com.lab7.dao.FunctionDAO.create(FunctionDAO.java:35)
	at com.lab7.service.FunctionService.createFunction(FunctionService.java:30)
	at com.lab7.servlet.FunctionServlet.doPost(FunctionServlet.java:149)
	at jakarta.servlet.http.HttpServlet.service(HttpServlet.java:520)
	at jakarta.servlet.http.HttpServlet.service(HttpServlet.java:587)
	at org.apache.catalina.core.ApplicationFilterChain.internalDoFilter(ApplicationFilterChain.java:205)
	at org.apache.catalina.core.ApplicationFilterChain.doFilter(ApplicationFilterChain.java:149)
	at org.apache.tomcat.websocket.server.WsFilter.doFilter(WsFilter.java:51)
	at org.apache.catalina.core.ApplicationFilterChain.internalDoFilter(ApplicationFilterChain.java:174)
	at org.apache.catalina.core.ApplicationFilterChain.doFilter(ApplicationFilterChain.java:149)
	at com.lab7.servlet.BasicAuthServlet.doFilter(BasicAuthServlet.java:92)
	at org.apache.catalina.core.ApplicationFilterChain.internalDoFilter(ApplicationFilterChain.java:174)
	at org.apache.catalina.core.ApplicationFilterChain.doFilter(ApplicationFilterChain.java:149)
	at org.springframework.web.filter.RequestContextFilter.doFilterInternal(RequestContextFilter.java:100)
	at org.springframework.web.filter.OncePerRequestFilter.doFilter(OncePerRequestFilter.java:116)
	at org.apache.catalina.core.ApplicationFilterChain.internalDoFilter(ApplicationFilterChain.java:174)
	at org.apache.catalina.core.ApplicationFilterChain.doFilter(ApplicationFilterChain.java:149)
	at org.springframework.web.filter.FormContentFilter.doFilterInternal(FormContentFilter.java:93)
	at org.springframework.web.filter.OncePerRequestFilter.doFilter(OncePerRequestFilter.java:116)
	at org.apache.catalina.core.ApplicationFilterChain.internalDoFilter(ApplicationFilterChain.java:174)
	at org.apache.catalina.core.ApplicationFilterChain.doFilter(ApplicationFilterChain.java:149)
	at org.springframework.web.filter.CharacterEncodingFilter.doFilterInternal(CharacterEncodingFilter.java:201)
	at org.springframework.web.filter.OncePerRequestFilter.doFilter(OncePerRequestFilter.java:116)
	at org.apache.catalina.core.ApplicationFilterChain.internalDoFilter(ApplicationFilterChain.java:174)
	at org.apache.catalina.core.ApplicationFilterChain.doFilter(ApplicationFilterChain.java:149)
	at org.apache.catalina.core.StandardWrapperValve.invoke(StandardWrapperValve.java:167)
	at org.apache.catalina.core.StandardContextValve.invoke(StandardContextValve.java:90)
	at org.apache.catalina.authenticator.AuthenticatorBase.invoke(AuthenticatorBase.java:482)
	at org.apache.catalina.core.StandardHostValve.invoke(StandardHostValve.java:115)
	at org.apache.catalina.valves.ErrorReportValve.invoke(ErrorReportValve.java:93)
	at org.apache.catalina.core.StandardEngineValve.invoke(StandardEngineValve.java:74)
	at org.apache.catalina.connector.CoyoteAdapter.service(CoyoteAdapter.java:340)
	at org.apache.coyote.http11.Http11Processor.service(Http11Processor.java:391)
	at org.apache.coyote.AbstractProcessorLight.process(AbstractProcessorLight.java:63)
	at org.apache.coyote.AbstractProtocol$ConnectionHandler.process(AbstractProtocol.java:896)
	at org.apache.tomcat.util.net.NioEndpoint$SocketProcessor.doRun(NioEndpoint.java:1744)
	at org.apache.tomcat.util.net.SocketProcessorBase.run(SocketProcessorBase.java:52)
	at org.apache.tomcat.util.threads.ThreadPoolExecutor.runWorker(ThreadPoolExecutor.java:1191)
	at org.apache.tomcat.util.threads.ThreadPoolExecutor$Worker.run(ThreadPoolExecutor.java:659)
	at org.apache.tomcat.util.threads.TaskThread$WrappingRunnable.run(TaskThread.java:61)
	at java.base/java.lang.Thread.run(Thread.java:1474)
2025-12-23 15:51:34 [http-nio-8080-exec-8] INFO  com.lab7.service.FunctionService - Начинаю создание функции с name=b(x) add Тождественная (IdentityFunction)
2025-12-23 15:51:34 [http-nio-8080-exec-8] ERROR com.lab7.service.FunctionService - Ошибка при создании функции с name=b(x) add Тождественная (IdentityFunction)
2025-12-23 15:51:34 [http-nio-8080-exec-8] ERROR com.lab7.servlet.FunctionServlet - Ошибка в doPost
org.h2.jdbc.JdbcSQLIntegrityConstraintViolationException: Нарушение ограничения: "CONSTRAINT_9D: "
Check constraint violation: "CONSTRAINT_9D: "; SQL statement:
INSERT INTO functions (name, type, owner_id) VALUES (?, ?, ?) [23513-214]
	at org.h2.message.DbException.getJdbcSQLException(DbException.java:508)
	at org.h2.message.DbException.getJdbcSQLException(DbException.java:477)
	at org.h2.message.DbException.get(DbException.java:223)
	at org.h2.message.DbException.get(DbException.java:199)
	at org.h2.constraint.ConstraintCheck.checkRow(ConstraintCheck.java:110)
	at org.h2.table.Table.fireConstraints(Table.java:1172)
	at org.h2.table.Table.fireBeforeRow(Table.java:1163)
	at org.h2.command.dml.Insert.insertRows(Insert.java:171)
	at org.h2.command.dml.Insert.update(Insert.java:135)
	at org.h2.command.CommandContainer.executeUpdateWithGeneratedKeys(CommandContainer.java:242)
	at org.h2.command.CommandContainer.update(CommandContainer.java:163)
	at org.h2.command.Command.executeUpdate(Command.java:252)
	at org.h2.jdbc.JdbcPreparedStatement.executeUpdateInternal(JdbcPreparedStatement.java:209)
	at org.h2.jdbc.JdbcPreparedStatement.executeUpdate(JdbcPreparedStatement.java:169)
	at com.lab7.dao.FunctionDAO.create(FunctionDAO.java:35)
	at com.lab7.service.FunctionService.createFunction(FunctionService.java:30)
	at com.lab7.servlet.FunctionServlet.doPost(FunctionServlet.java:149)
	at jakarta.servlet.http.HttpServlet.service(HttpServlet.java:520)
	at jakarta.servlet.http.HttpServlet.service(HttpServlet.java:587)
	at org.apache.catalina.core.ApplicationFilterChain.internalDoFilter(ApplicationFilterChain.java:205)
	at org.apache.catalina.core.ApplicationFilterChain.doFilter(ApplicationFilterChain.java:149)
	at org.apache.tomcat.websocket.server.WsFilter.doFilter(WsFilter.java:51)
	at org.apache.catalina.core.ApplicationFilterChain.internalDoFilter(ApplicationFilterChain.java:174)
	at org.apache.catalina.core.ApplicationFilterChain.doFilter(ApplicationFilterChain.java:149)
	at com.lab7.servlet.BasicAuthServlet.doFilter(BasicAuthServlet.java:92)
	at org.apache.catalina.core.ApplicationFilterChain.internalDoFilter(ApplicationFilterChain.java:174)
	at org.apache.catalina.core.ApplicationFilterChain.doFilter(ApplicationFilterChain.java:149)
	at org.springframework.web.filter.RequestContextFilter.doFilterInternal(RequestContextFilter.java:100)
	at org.springframework.web.filter.OncePerRequestFilter.doFilter(OncePerRequestFilter.java:116)
	at org.apache.catalina.core.ApplicationFilterChain.internalDoFilter(ApplicationFilterChain.java:174)
	at org.apache.catalina.core.ApplicationFilterChain.doFilter(ApplicationFilterChain.java:149)
	at org.springframework.web.filter.FormContentFilter.doFilterInternal(FormContentFilter.java:93)
	at org.springframework.web.filter.OncePerRequestFilter.doFilter(OncePerRequestFilter.java:116)
	at org.apache.catalina.core.ApplicationFilterChain.internalDoFilter(ApplicationFilterChain.java:174)
	at org.apache.catalina.core.ApplicationFilterChain.doFilter(ApplicationFilterChain.java:149)
	at org.springframework.web.filter.CharacterEncodingFilter.doFilterInternal(CharacterEncodingFilter.java:201)
	at org.springframework.web.filter.OncePerRequestFilter.doFilter(OncePerRequestFilter.java:116)
	at org.apache.catalina.core.ApplicationFilterChain.internalDoFilter(ApplicationFilterChain.java:174)
	at org.apache.catalina.core.ApplicationFilterChain.doFilter(ApplicationFilterChain.java:149)
	at org.apache.catalina.core.StandardWrapperValve.invoke(StandardWrapperValve.java:167)
	at org.apache.catalina.core.StandardContextValve.invoke(StandardContextValve.java:90)
	at org.apache.catalina.authenticator.AuthenticatorBase.invoke(AuthenticatorBase.java:482)
	at org.apache.catalina.core.StandardHostValve.invoke(StandardHostValve.java:115)
	at org.apache.catalina.valves.ErrorReportValve.invoke(ErrorReportValve.java:93)
	at org.apache.catalina.core.StandardEngineValve.invoke(StandardEngineValve.java:74)
	at org.apache.catalina.connector.CoyoteAdapter.service(CoyoteAdapter.java:340)
	at org.apache.coyote.http11.Http11Processor.service(Http11Processor.java:391)
	at org.apache.coyote.AbstractProcessorLight.process(AbstractProcessorLight.java:63)
	at org.apache.coyote.AbstractProtocol$ConnectionHandler.process(AbstractProtocol.java:896)
	at org.apache.tomcat.util.net.NioEndpoint$SocketProcessor.doRun(NioEndpoint.java:1744)
	at org.apache.tomcat.util.net.SocketProcessorBase.run(SocketProcessorBase.java:52)
	at org.apache.tomcat.util.threads.ThreadPoolExecutor.runWorker(ThreadPoolExecutor.java:1191)
	at org.apache.tomcat.util.threads.ThreadPoolExecutor$Worker.run(ThreadPoolExecutor.java:659)
	at org.apache.tomcat.util.threads.TaskThread$WrappingRunnable.run(TaskThread.java:61)
	at java.base/java.lang.Thread.run(Thread.java:1474)
2025-12-23 15:51:35 [http-nio-8080-exec-7] INFO  com.lab7.service.FunctionService - Начинаю создание функции с name=b(x) sub Тождественная (IdentityFunction)
2025-12-23 15:51:35 [http-nio-8080-exec-7] ERROR com.lab7.service.FunctionService - Ошибка при создании функции с name=b(x) sub Тождественная (IdentityFunction)
2025-12-23 15:51:35 [http-nio-8080-exec-7] ERROR com.lab7.servlet.FunctionServlet - Ошибка в doPost
org.h2.jdbc.JdbcSQLIntegrityConstraintViolationException: Нарушение ограничения: "CONSTRAINT_9D: "
Check constraint violation: "CONSTRAINT_9D: "; SQL statement:
INSERT INTO functions (name, type, owner_id) VALUES (?, ?, ?) [23513-214]
	at org.h2.message.DbException.getJdbcSQLException(DbException.java:508)
	at org.h2.message.DbException.getJdbcSQLException(DbException.java:477)
	at org.h2.message.DbException.get(DbException.java:223)
	at org.h2.message.DbException.get(DbException.java:199)
	at org.h2.constraint.ConstraintCheck.checkRow(ConstraintCheck.java:110)
	at org.h2.table.Table.fireConstraints(Table.java:1172)
	at org.h2.table.Table.fireBeforeRow(Table.java:1163)
	at org.h2.command.dml.Insert.insertRows(Insert.java:171)
	at org.h2.command.dml.Insert.update(Insert.java:135)
	at org.h2.command.CommandContainer.executeUpdateWithGeneratedKeys(CommandContainer.java:242)
	at org.h2.command.CommandContainer.update(CommandContainer.java:163)
	at org.h2.command.Command.executeUpdate(Command.java:252)
	at org.h2.jdbc.JdbcPreparedStatement.executeUpdateInternal(JdbcPreparedStatement.java:209)
	at org.h2.jdbc.JdbcPreparedStatement.executeUpdate(JdbcPreparedStatement.java:169)
	at com.lab7.dao.FunctionDAO.create(FunctionDAO.java:35)
	at com.lab7.service.FunctionService.createFunction(FunctionService.java:30)
	at com.lab7.servlet.FunctionServlet.doPost(FunctionServlet.java:149)
	at jakarta.servlet.http.HttpServlet.service(HttpServlet.java:520)
	at jakarta.servlet.http.HttpServlet.service(HttpServlet.java:587)
	at org.apache.catalina.core.ApplicationFilterChain.internalDoFilter(ApplicationFilterChain.java:205)
	at org.apache.catalina.core.ApplicationFilterChain.doFilter(ApplicationFilterChain.java:149)
	at org.apache.tomcat.websocket.server.WsFilter.doFilter(WsFilter.java:51)
	at org.apache.catalina.core.ApplicationFilterChain.internalDoFilter(ApplicationFilterChain.java:174)
	at org.apache.catalina.core.ApplicationFilterChain.doFilter(ApplicationFilterChain.java:149)
	at com.lab7.servlet.BasicAuthServlet.doFilter(BasicAuthServlet.java:92)
	at org.apache.catalina.core.ApplicationFilterChain.internalDoFilter(ApplicationFilterChain.java:174)
	at org.apache.catalina.core.ApplicationFilterChain.doFilter(ApplicationFilterChain.java:149)
	at org.springframework.web.filter.RequestContextFilter.doFilterInternal(RequestContextFilter.java:100)
	at org.springframework.web.filter.OncePerRequestFilter.doFilter(OncePerRequestFilter.java:116)
	at org.apache.catalina.core.ApplicationFilterChain.internalDoFilter(ApplicationFilterChain.java:174)
	at org.apache.catalina.core.ApplicationFilterChain.doFilter(ApplicationFilterChain.java:149)
	at org.springframework.web.filter.FormContentFilter.doFilterInternal(FormContentFilter.java:93)
	at org.springframework.web.filter.OncePerRequestFilter.doFilter(OncePerRequestFilter.java:116)
	at org.apache.catalina.core.ApplicationFilterChain.internalDoFilter(ApplicationFilterChain.java:174)
	at org.apache.catalina.core.ApplicationFilterChain.doFilter(ApplicationFilterChain.java:149)
	at org.springframework.web.filter.CharacterEncodingFilter.doFilterInternal(CharacterEncodingFilter.java:201)
	at org.springframework.web.filter.OncePerRequestFilter.doFilter(OncePerRequestFilter.java:116)
	at org.apache.catalina.core.ApplicationFilterChain.internalDoFilter(ApplicationFilterChain.java:174)
	at org.apache.catalina.core.ApplicationFilterChain.doFilter(ApplicationFilterChain.java:149)
	at org.apache.catalina.core.StandardWrapperValve.invoke(StandardWrapperValve.java:167)
	at org.apache.catalina.core.StandardContextValve.invoke(StandardContextValve.java:90)
	at org.apache.catalina.authenticator.AuthenticatorBase.invoke(AuthenticatorBase.java:482)
	at org.apache.catalina.core.StandardHostValve.invoke(StandardHostValve.java:115)
	at org.apache.catalina.valves.ErrorReportValve.invoke(ErrorReportValve.java:93)
	at org.apache.catalina.core.StandardEngineValve.invoke(StandardEngineValve.java:74)
	at org.apache.catalina.connector.CoyoteAdapter.service(CoyoteAdapter.java:340)
	at org.apache.coyote.http11.Http11Processor.service(Http11Processor.java:391)
	at org.apache.coyote.AbstractProcessorLight.process(AbstractProcessorLight.java:63)
	at org.apache.coyote.AbstractProtocol$ConnectionHandler.process(AbstractProtocol.java:896)
	at org.apache.tomcat.util.net.NioEndpoint$SocketProcessor.doRun(NioEndpoint.java:1744)
	at org.apache.tomcat.util.net.SocketProcessorBase.run(SocketProcessorBase.java:52)
	at org.apache.tomcat.util.threads.ThreadPoolExecutor.runWorker(ThreadPoolExecutor.java:1191)
	at org.apache.tomcat.util.threads.ThreadPoolExecutor$Worker.run(ThreadPoolExecutor.java:659)
	at org.apache.tomcat.util.threads.TaskThread$WrappingRunnable.run(TaskThread.java:61)
	at java.base/java.lang.Thread.run(Thread.java:1474)
2025-12-23 15:51:36 [http-nio-8080-exec-9] INFO  com.lab7.service.FunctionService - Начинаю создание функции с name=b(x) mul Тождественная (IdentityFunction)
2025-12-23 15:51:36 [http-nio-8080-exec-9] ERROR com.lab7.service.FunctionService - Ошибка при создании функции с name=b(x) mul Тождественная (IdentityFunction)
2025-12-23 15:51:36 [http-nio-8080-exec-9] ERROR com.lab7.servlet.FunctionServlet - Ошибка в doPost
org.h2.jdbc.JdbcSQLIntegrityConstraintViolationException: Нарушение ограничения: "CONSTRAINT_9D: "
Check constraint violation: "CONSTRAINT_9D: "; SQL statement:
INSERT INTO functions (name, type, owner_id) VALUES (?, ?, ?) [23513-214]
	at org.h2.message.DbException.getJdbcSQLException(DbException.java:508)
	at org.h2.message.DbException.getJdbcSQLException(DbException.java:477)
	at org.h2.message.DbException.get(DbException.java:223)
	at org.h2.message.DbException.get(DbException.java:199)
	at org.h2.constraint.ConstraintCheck.checkRow(ConstraintCheck.java:110)
	at org.h2.table.Table.fireConstraints(Table.java:1172)
	at org.h2.table.Table.fireBeforeRow(Table.java:1163)
	at org.h2.command.dml.Insert.insertRows(Insert.java:171)
	at org.h2.command.dml.Insert.update(Insert.java:135)
	at org.h2.command.CommandContainer.executeUpdateWithGeneratedKeys(CommandContainer.java:242)
	at org.h2.command.CommandContainer.update(CommandContainer.java:163)
	at org.h2.command.Command.executeUpdate(Command.java:252)
	at org.h2.jdbc.JdbcPreparedStatement.executeUpdateInternal(JdbcPreparedStatement.java:209)
	at org.h2.jdbc.JdbcPreparedStatement.executeUpdate(JdbcPreparedStatement.java:169)
	at com.lab7.dao.FunctionDAO.create(FunctionDAO.java:35)
	at com.lab7.service.FunctionService.createFunction(FunctionService.java:30)
	at com.lab7.servlet.FunctionServlet.doPost(FunctionServlet.java:149)
	at jakarta.servlet.http.HttpServlet.service(HttpServlet.java:520)
	at jakarta.servlet.http.HttpServlet.service(HttpServlet.java:587)
	at org.apache.catalina.core.ApplicationFilterChain.internalDoFilter(ApplicationFilterChain.java:205)
	at org.apache.catalina.core.ApplicationFilterChain.doFilter(ApplicationFilterChain.java:149)
	at org.apache.tomcat.websocket.server.WsFilter.doFilter(WsFilter.java:51)
	at org.apache.catalina.core.ApplicationFilterChain.internalDoFilter(ApplicationFilterChain.java:174)
	at org.apache.catalina.core.ApplicationFilterChain.doFilter(ApplicationFilterChain.java:149)
	at com.lab7.servlet.BasicAuthServlet.doFilter(BasicAuthServlet.java:92)
	at org.apache.catalina.core.ApplicationFilterChain.internalDoFilter(ApplicationFilterChain.java:174)
	at org.apache.catalina.core.ApplicationFilterChain.doFilter(ApplicationFilterChain.java:149)
	at org.springframework.web.filter.RequestContextFilter.doFilterInternal(RequestContextFilter.java:100)
	at org.springframework.web.filter.OncePerRequestFilter.doFilter(OncePerRequestFilter.java:116)
	at org.apache.catalina.core.ApplicationFilterChain.internalDoFilter(ApplicationFilterChain.java:174)
	at org.apache.catalina.core.ApplicationFilterChain.doFilter(ApplicationFilterChain.java:149)
	at org.springframework.web.filter.FormContentFilter.doFilterInternal(FormContentFilter.java:93)
	at org.springframework.web.filter.OncePerRequestFilter.doFilter(OncePerRequestFilter.java:116)
	at org.apache.catalina.core.ApplicationFilterChain.internalDoFilter(ApplicationFilterChain.java:174)
	at org.apache.catalina.core.ApplicationFilterChain.doFilter(ApplicationFilterChain.java:149)
	at org.springframework.web.filter.CharacterEncodingFilter.doFilterInternal(CharacterEncodingFilter.java:201)
	at org.springframework.web.filter.OncePerRequestFilter.doFilter(OncePerRequestFilter.java:116)
	at org.apache.catalina.core.ApplicationFilterChain.internalDoFilter(ApplicationFilterChain.java:174)
	at org.apache.catalina.core.ApplicationFilterChain.doFilter(ApplicationFilterChain.java:149)
	at org.apache.catalina.core.StandardWrapperValve.invoke(StandardWrapperValve.java:167)
	at org.apache.catalina.core.StandardContextValve.invoke(StandardContextValve.java:90)
	at org.apache.catalina.authenticator.AuthenticatorBase.invoke(AuthenticatorBase.java:482)
	at org.apache.catalina.core.StandardHostValve.invoke(StandardHostValve.java:115)
	at org.apache.catalina.valves.ErrorReportValve.invoke(ErrorReportValve.java:93)
	at org.apache.catalina.core.StandardEngineValve.invoke(StandardEngineValve.java:74)
	at org.apache.catalina.connector.CoyoteAdapter.service(CoyoteAdapter.java:340)
	at org.apache.coyote.http11.Http11Processor.service(Http11Processor.java:391)
	at org.apache.coyote.AbstractProcessorLight.process(AbstractProcessorLight.java:63)
	at org.apache.coyote.AbstractProtocol$ConnectionHandler.process(AbstractProtocol.java:896)
	at org.apache.tomcat.util.net.NioEndpoint$SocketProcessor.doRun(NioEndpoint.java:1744)
	at org.apache.tomcat.util.net.SocketProcessorBase.run(SocketProcessorBase.java:52)
	at org.apache.tomcat.util.threads.ThreadPoolExecutor.runWorker(ThreadPoolExecutor.java:1191)
	at org.apache.tomcat.util.threads.ThreadPoolExecutor$Worker.run(ThreadPoolExecutor.java:659)
	at org.apache.tomcat.util.threads.TaskThread$WrappingRunnable.run(TaskThread.java:61)
	at java.base/java.lang.Thread.run(Thread.java:1474)
2025-12-23 15:51:37 [http-nio-8080-exec-10] INFO  com.lab7.service.FunctionService - Начинаю создание функции с name=b(x) div Тождественная (IdentityFunction)
2025-12-23 15:51:37 [http-nio-8080-exec-10] ERROR com.lab7.service.FunctionService - Ошибка при создании функции с name=b(x) div Тождественная (IdentityFunction)
2025-12-23 15:51:37 [http-nio-8080-exec-10] ERROR com.lab7.servlet.FunctionServlet - Ошибка в doPost
org.h2.jdbc.JdbcSQLIntegrityConstraintViolationException: Нарушение ограничения: "CONSTRAINT_9D: "
Check constraint violation: "CONSTRAINT_9D: "; SQL statement:
INSERT INTO functions (name, type, owner_id) VALUES (?, ?, ?) [23513-214]
	at org.h2.message.DbException.getJdbcSQLException(DbException.java:508)
	at org.h2.message.DbException.getJdbcSQLException(DbException.java:477)
	at org.h2.message.DbException.get(DbException.java:223)
	at org.h2.message.DbException.get(DbException.java:199)
	at org.h2.constraint.ConstraintCheck.checkRow(ConstraintCheck.java:110)
	at org.h2.table.Table.fireConstraints(Table.java:1172)
	at org.h2.table.Table.fireBeforeRow(Table.java:1163)
	at org.h2.command.dml.Insert.insertRows(Insert.java:171)
	at org.h2.command.dml.Insert.update(Insert.java:135)
	at org.h2.command.CommandContainer.executeUpdateWithGeneratedKeys(CommandContainer.java:242)
	at org.h2.command.CommandContainer.update(CommandContainer.java:163)
	at org.h2.command.Command.executeUpdate(Command.java:252)
	at org.h2.jdbc.JdbcPreparedStatement.executeUpdateInternal(JdbcPreparedStatement.java:209)
	at org.h2.jdbc.JdbcPreparedStatement.executeUpdate(JdbcPreparedStatement.java:169)
	at com.lab7.dao.FunctionDAO.create(FunctionDAO.java:35)
	at com.lab7.service.FunctionService.createFunction(FunctionService.java:30)
	at com.lab7.servlet.FunctionServlet.doPost(FunctionServlet.java:149)
	at jakarta.servlet.http.HttpServlet.service(HttpServlet.java:520)
	at jakarta.servlet.http.HttpServlet.service(HttpServlet.java:587)
	at org.apache.catalina.core.ApplicationFilterChain.internalDoFilter(ApplicationFilterChain.java:205)
	at org.apache.catalina.core.ApplicationFilterChain.doFilter(ApplicationFilterChain.java:149)
	at org.apache.tomcat.websocket.server.WsFilter.doFilter(WsFilter.java:51)
	at org.apache.catalina.core.ApplicationFilterChain.internalDoFilter(ApplicationFilterChain.java:174)
	at org.apache.catalina.core.ApplicationFilterChain.doFilter(ApplicationFilterChain.java:149)
	at com.lab7.servlet.BasicAuthServlet.doFilter(BasicAuthServlet.java:92)
	at org.apache.catalina.core.ApplicationFilterChain.internalDoFilter(ApplicationFilterChain.java:174)
	at org.apache.catalina.core.ApplicationFilterChain.doFilter(ApplicationFilterChain.java:149)
	at org.springframework.web.filter.RequestContextFilter.doFilterInternal(RequestContextFilter.java:100)
	at org.springframework.web.filter.OncePerRequestFilter.doFilter(OncePerRequestFilter.java:116)
	at org.apache.catalina.core.ApplicationFilterChain.internalDoFilter(ApplicationFilterChain.java:174)
	at org.apache.catalina.core.ApplicationFilterChain.doFilter(ApplicationFilterChain.java:149)
	at org.springframework.web.filter.FormContentFilter.doFilterInternal(FormContentFilter.java:93)
	at org.springframework.web.filter.OncePerRequestFilter.doFilter(OncePerRequestFilter.java:116)
	at org.apache.catalina.core.ApplicationFilterChain.internalDoFilter(ApplicationFilterChain.java:174)
	at org.apache.catalina.core.ApplicationFilterChain.doFilter(ApplicationFilterChain.java:149)
	at org.springframework.web.filter.CharacterEncodingFilter.doFilterInternal(CharacterEncodingFilter.java:201)
	at org.springframework.web.filter.OncePerRequestFilter.doFilter(OncePerRequestFilter.java:116)
	at org.apache.catalina.core.ApplicationFilterChain.internalDoFilter(ApplicationFilterChain.java:174)
	at org.apache.catalina.core.ApplicationFilterChain.doFilter(ApplicationFilterChain.java:149)
	at org.apache.catalina.core.StandardWrapperValve.invoke(StandardWrapperValve.java:167)
	at org.apache.catalina.core.StandardContextValve.invoke(StandardContextValve.java:90)
	at org.apache.catalina.authenticator.AuthenticatorBase.invoke(AuthenticatorBase.java:482)
	at org.apache.catalina.core.StandardHostValve.invoke(StandardHostValve.java:115)
	at org.apache.catalina.valves.ErrorReportValve.invoke(ErrorReportValve.java:93)
	at org.apache.catalina.core.StandardEngineValve.invoke(StandardEngineValve.java:74)
	at org.apache.catalina.connector.CoyoteAdapter.service(CoyoteAdapter.java:340)
	at org.apache.coyote.http11.Http11Processor.service(Http11Processor.java:391)
	at org.apache.coyote.AbstractProcessorLight.process(AbstractProcessorLight.java:63)
	at org.apache.coyote.AbstractProtocol$ConnectionHandler.process(AbstractProtocol.java:896)
	at org.apache.tomcat.util.net.NioEndpoint$SocketProcessor.doRun(NioEndpoint.java:1744)
	at org.apache.tomcat.util.net.SocketProcessorBase.run(SocketProcessorBase.java:52)
	at org.apache.tomcat.util.threads.ThreadPoolExecutor.runWorker(ThreadPoolExecutor.java:1191)
	at org.apache.tomcat.util.threads.ThreadPoolExecutor$Worker.run(ThreadPoolExecutor.java:659)
	at org.apache.tomcat.util.threads.TaskThread$WrappingRunnable.run(TaskThread.java:61)
	at java.base/java.lang.Thread.run(Thread.java:1474)
2025-12-23 15:52:08 [http-nio-8080-exec-1] INFO  com.lab7.service.FunctionService - Начинаю создание функции с name=b(x)'
2025-12-23 15:52:08 [http-nio-8080-exec-1] ERROR com.lab7.service.FunctionService - Ошибка при создании функции с name=b(x)'
2025-12-23 15:52:08 [http-nio-8080-exec-1] ERROR com.lab7.servlet.FunctionServlet - Ошибка в doPost
org.h2.jdbc.JdbcSQLIntegrityConstraintViolationException: Нарушение ограничения: "CONSTRAINT_9D: "
Check constraint violation: "CONSTRAINT_9D: "; SQL statement:
INSERT INTO functions (name, type, owner_id) VALUES (?, ?, ?) [23513-214]
	at org.h2.message.DbException.getJdbcSQLException(DbException.java:508)
	at org.h2.message.DbException.getJdbcSQLException(DbException.java:477)
	at org.h2.message.DbException.get(DbException.java:223)
	at org.h2.message.DbException.get(DbException.java:199)
	at org.h2.constraint.ConstraintCheck.checkRow(ConstraintCheck.java:110)
	at org.h2.table.Table.fireConstraints(Table.java:1172)
	at org.h2.table.Table.fireBeforeRow(Table.java:1163)
	at org.h2.command.dml.Insert.insertRows(Insert.java:171)
	at org.h2.command.dml.Insert.update(Insert.java:135)
	at org.h2.command.CommandContainer.executeUpdateWithGeneratedKeys(CommandContainer.java:242)
	at org.h2.command.CommandContainer.update(CommandContainer.java:163)
	at org.h2.command.Command.executeUpdate(Command.java:252)
	at org.h2.jdbc.JdbcPreparedStatement.executeUpdateInternal(JdbcPreparedStatement.java:209)
	at org.h2.jdbc.JdbcPreparedStatement.executeUpdate(JdbcPreparedStatement.java:169)
	at com.lab7.dao.FunctionDAO.create(FunctionDAO.java:35)
	at com.lab7.service.FunctionService.createFunction(FunctionService.java:30)
	at com.lab7.servlet.FunctionServlet.doPost(FunctionServlet.java:149)
	at jakarta.servlet.http.HttpServlet.service(HttpServlet.java:520)
	at jakarta.servlet.http.HttpServlet.service(HttpServlet.java:587)
	at org.apache.catalina.core.ApplicationFilterChain.internalDoFilter(ApplicationFilterChain.java:205)
	at org.apache.catalina.core.ApplicationFilterChain.doFilter(ApplicationFilterChain.java:149)
	at org.apache.tomcat.websocket.server.WsFilter.doFilter(WsFilter.java:51)
	at org.apache.catalina.core.ApplicationFilterChain.internalDoFilter(ApplicationFilterChain.java:174)
	at org.apache.catalina.core.ApplicationFilterChain.doFilter(ApplicationFilterChain.java:149)
	at com.lab7.servlet.BasicAuthServlet.doFilter(BasicAuthServlet.java:92)
	at org.apache.catalina.core.ApplicationFilterChain.internalDoFilter(ApplicationFilterChain.java:174)
	at org.apache.catalina.core.ApplicationFilterChain.doFilter(ApplicationFilterChain.java:149)
	at org.springframework.web.filter.RequestContextFilter.doFilterInternal(RequestContextFilter.java:100)
	at org.springframework.web.filter.OncePerRequestFilter.doFilter(OncePerRequestFilter.java:116)
	at org.apache.catalina.core.ApplicationFilterChain.internalDoFilter(ApplicationFilterChain.java:174)
	at org.apache.catalina.core.ApplicationFilterChain.doFilter(ApplicationFilterChain.java:149)
	at org.springframework.web.filter.FormContentFilter.doFilterInternal(FormContentFilter.java:93)
	at org.springframework.web.filter.OncePerRequestFilter.doFilter(OncePerRequestFilter.java:116)
	at org.apache.catalina.core.ApplicationFilterChain.internalDoFilter(ApplicationFilterChain.java:174)
	at org.apache.catalina.core.ApplicationFilterChain.doFilter(ApplicationFilterChain.java:149)
	at org.springframework.web.filter.CharacterEncodingFilter.doFilterInternal(CharacterEncodingFilter.java:201)
	at org.springframework.web.filter.OncePerRequestFilter.doFilter(OncePerRequestFilter.java:116)
	at org.apache.catalina.core.ApplicationFilterChain.internalDoFilter(ApplicationFilterChain.java:174)
	at org.apache.catalina.core.ApplicationFilterChain.doFilter(ApplicationFilterChain.java:149)
	at org.apache.catalina.core.StandardWrapperValve.invoke(StandardWrapperValve.java:167)
	at org.apache.catalina.core.StandardContextValve.invoke(StandardContextValve.java:90)
	at org.apache.catalina.authenticator.AuthenticatorBase.invoke(AuthenticatorBase.java:482)
	at org.apache.catalina.core.StandardHostValve.invoke(StandardHostValve.java:115)
	at org.apache.catalina.valves.ErrorReportValve.invoke(ErrorReportValve.java:93)
	at org.apache.catalina.core.StandardEngineValve.invoke(StandardEngineValve.java:74)
	at org.apache.catalina.connector.CoyoteAdapter.service(CoyoteAdapter.java:340)
	at org.apache.coyote.http11.Http11Processor.service(Http11Processor.java:391)
	at org.apache.coyote.AbstractProcessorLight.process(AbstractProcessorLight.java:63)
	at org.apache.coyote.AbstractProtocol$ConnectionHandler.process(AbstractProtocol.java:896)
	at org.apache.tomcat.util.net.NioEndpoint$SocketProcessor.doRun(NioEndpoint.java:1744)
	at org.apache.tomcat.util.net.SocketProcessorBase.run(SocketProcessorBase.java:52)
	at org.apache.tomcat.util.threads.ThreadPoolExecutor.runWorker(ThreadPoolExecutor.java:1191)
	at org.apache.tomcat.util.threads.ThreadPoolExecutor$Worker.run(ThreadPoolExecutor.java:659)
	at org.apache.tomcat.util.threads.TaskThread$WrappingRunnable.run(TaskThread.java:61)
	at java.base/java.lang.Thread.run(Thread.java:1474)
2025-12-23 15:59:17 [http-nio-8080-exec-5] INFO  com.lab7.service.FunctionService - Начинаю создание функции с name=b(x)''
2025-12-23 15:59:17 [http-nio-8080-exec-5] ERROR com.lab7.service.FunctionService - Ошибка при создании функции с name=b(x)''
2025-12-23 15:59:17 [http-nio-8080-exec-5] ERROR com.lab7.servlet.FunctionServlet - Ошибка в doPost
org.h2.jdbc.JdbcSQLIntegrityConstraintViolationException: Нарушение ограничения: "CONSTRAINT_9D: "
Check constraint violation: "CONSTRAINT_9D: "; SQL statement:
INSERT INTO functions (name, type, owner_id) VALUES (?, ?, ?) [23513-214]
	at org.h2.message.DbException.getJdbcSQLException(DbException.java:508)
	at org.h2.message.DbException.getJdbcSQLException(DbException.java:477)
	at org.h2.message.DbException.get(DbException.java:223)
	at org.h2.message.DbException.get(DbException.java:199)
	at org.h2.constraint.ConstraintCheck.checkRow(ConstraintCheck.java:110)
	at org.h2.table.Table.fireConstraints(Table.java:1172)
	at org.h2.table.Table.fireBeforeRow(Table.java:1163)
	at org.h2.command.dml.Insert.insertRows(Insert.java:171)
	at org.h2.command.dml.Insert.update(Insert.java:135)
	at org.h2.command.CommandContainer.executeUpdateWithGeneratedKeys(CommandContainer.java:242)
	at org.h2.command.CommandContainer.update(CommandContainer.java:163)
	at org.h2.command.Command.executeUpdate(Command.java:252)
	at org.h2.jdbc.JdbcPreparedStatement.executeUpdateInternal(JdbcPreparedStatement.java:209)
	at org.h2.jdbc.JdbcPreparedStatement.executeUpdate(JdbcPreparedStatement.java:169)
	at com.lab7.dao.FunctionDAO.create(FunctionDAO.java:35)
	at com.lab7.service.FunctionService.createFunction(FunctionService.java:30)
	at com.lab7.servlet.FunctionServlet.doPost(FunctionServlet.java:149)
	at jakarta.servlet.http.HttpServlet.service(HttpServlet.java:520)
	at jakarta.servlet.http.HttpServlet.service(HttpServlet.java:587)
	at org.apache.catalina.core.ApplicationFilterChain.internalDoFilter(ApplicationFilterChain.java:205)
	at org.apache.catalina.core.ApplicationFilterChain.doFilter(ApplicationFilterChain.java:149)
	at org.apache.tomcat.websocket.server.WsFilter.doFilter(WsFilter.java:51)
	at org.apache.catalina.core.ApplicationFilterChain.internalDoFilter(ApplicationFilterChain.java:174)
	at org.apache.catalina.core.ApplicationFilterChain.doFilter(ApplicationFilterChain.java:149)
	at com.lab7.servlet.BasicAuthServlet.doFilter(BasicAuthServlet.java:92)
	at org.apache.catalina.core.ApplicationFilterChain.internalDoFilter(ApplicationFilterChain.java:174)
	at org.apache.catalina.core.ApplicationFilterChain.doFilter(ApplicationFilterChain.java:149)
	at org.springframework.web.filter.RequestContextFilter.doFilterInternal(RequestContextFilter.java:100)
	at org.springframework.web.filter.OncePerRequestFilter.doFilter(OncePerRequestFilter.java:116)
	at org.apache.catalina.core.ApplicationFilterChain.internalDoFilter(ApplicationFilterChain.java:174)
	at org.apache.catalina.core.ApplicationFilterChain.doFilter(ApplicationFilterChain.java:149)
	at org.springframework.web.filter.FormContentFilter.doFilterInternal(FormContentFilter.java:93)
	at org.springframework.web.filter.OncePerRequestFilter.doFilter(OncePerRequestFilter.java:116)
	at org.apache.catalina.core.ApplicationFilterChain.internalDoFilter(ApplicationFilterChain.java:174)
	at org.apache.catalina.core.ApplicationFilterChain.doFilter(ApplicationFilterChain.java:149)
	at org.springframework.web.filter.CharacterEncodingFilter.doFilterInternal(CharacterEncodingFilter.java:201)
	at org.springframework.web.filter.OncePerRequestFilter.doFilter(OncePerRequestFilter.java:116)
	at org.apache.catalina.core.ApplicationFilterChain.internalDoFilter(ApplicationFilterChain.java:174)
	at org.apache.catalina.core.ApplicationFilterChain.doFilter(ApplicationFilterChain.java:149)
	at org.apache.catalina.core.StandardWrapperValve.invoke(StandardWrapperValve.java:167)
	at org.apache.catalina.core.StandardContextValve.invoke(StandardContextValve.java:90)
	at org.apache.catalina.authenticator.AuthenticatorBase.invoke(AuthenticatorBase.java:482)
	at org.apache.catalina.core.StandardHostValve.invoke(StandardHostValve.java:115)
	at org.apache.catalina.valves.ErrorReportValve.invoke(ErrorReportValve.java:93)
	at org.apache.catalina.core.StandardEngineValve.invoke(StandardEngineValve.java:74)
	at org.apache.catalina.connector.CoyoteAdapter.service(CoyoteAdapter.java:340)
	at org.apache.coyote.http11.Http11Processor.service(Http11Processor.java:391)
	at org.apache.coyote.AbstractProcessorLight.process(AbstractProcessorLight.java:63)
	at org.apache.coyote.AbstractProtocol$ConnectionHandler.process(AbstractProtocol.java:896)
	at org.apache.tomcat.util.net.NioEndpoint$SocketProcessor.doRun(NioEndpoint.java:1744)
	at org.apache.tomcat.util.net.SocketProcessorBase.run(SocketProcessorBase.java:52)
	at org.apache.tomcat.util.threads.ThreadPoolExecutor.runWorker(ThreadPoolExecutor.java:1191)
	at org.apache.tomcat.util.threads.ThreadPoolExecutor$Worker.run(ThreadPoolExecutor.java:659)
	at org.apache.tomcat.util.threads.TaskThread$WrappingRunnable.run(TaskThread.java:61)
	at java.base/java.lang.Thread.run(Thread.java:1474)
